table_ID,en,cn,b5,ja,ko,th,vi,hi,id,ms,,,,,,,,,,,,,,,
LightningSbj0001,10Bet Japan Blackjack,10Bet 日本二十一,10Bet 日本二十一點,10BETジャパン ブラックジャック,10베팅 일본 블랙잭,10Bet แบล็คแจ็คญี่ปุ่น,10Bet Blackjack Nhật Bản,10बेट जापान ब्लैकजैक,Blackjack Jepang 10Bet,,,,,,,,,,,,,,,,
#N/A,1x VIP Blackjack,1x二十一点尊贵,1x二十一點VIP,1x VIP ブラックジャック,1x VIP 블랙잭,1x วีไอพีแบล็คแจ็ค,1x VIP Blackjack,1x वीआईपी ब्लैकजैक,Blackjack 1x VIP,Blackjack 1x VIP,,,,,,,,,,,,,,,
#N/A,1xFootball Studio,1x 足球扑克,1x 足球廳,1x フットボールスタジオ,1x풋볼 스튜디오,1x สตูดิโอฟุตบอล,1xStudio Bóng Đá,1xफुटबॉल स्टूडियो,,1x Studio Bola Sepak,,,,,,,,,,,,,,,
DHPTable00000001,2 Hand Casino Hold'em,二手牌赌场德州扑克,兩手牌賭場德州撲克,2ハンド・カジノホールデム,투 핸드 카지노 홀덤,2 แฮนด์ คาสิโน โฮลด์เด็ม,Sòng Bạc 2 Tay Hold'Em,2 हैंड कैसीनो होल्डम,2 Hand Casino Hold'em,2 Hand Casino Hold'em,,,,,,,,,,,,,,,
#N/A,888 Azzurri,888 Azzurri,888 Azzurri,888　アズーリ,888 아주리,888 อาซูรี,888 Azzurri,888 आत्जुरी,888 Azzurri,888 Azzurri,,,,,,,,,,,,,,,
#N/A,888 Vittoria,888 Vittoria,888 Vittoria,888　ビットリア,888 비토리아,888 비토리아,888 Vittoria,888 विट्टोरिया,888 Vittoria,888 Vittoria,,,,,,,,,,,,,,,
#N/A,AMERICAN (DOUBLE ZERO) ROULETTE,美式(双0)轮盘,美式(雙0)輪盤,,,,,,,,,,,,,,,,,,,,,,
AmericanTable001,American Roulette,美式轮盘,美式輪盤,アメリカンルーレット,아메리칸 룰렛,อเมริกัน รูเล็ต,Cò Quay Kiểu Mỹ,अमेरिकन रूलेट,Roulette Amerika,Rolet Amerika,,,,,,,,,,,,,,,
#N/A,Arabic Roulette,阿拉伯语轮盘,阿拉伯語輪盤,アラブ ルーレット,아랍 룰렛,รูเล็ตต์อาราบิก,Roulette Kiểu Ả-rập,,,,,,,,,,,,,,,,,,
48z5pjps3ntvqc1b,Auto-Roulette,自动轮盘,自動輪盤,オートルーレット,오토 룰렛,ออโต้รูเล็ตต์,Roulette Tự Động,,,,,,,,,,,,,,,,,,
#N/A,Auto-Roulette La Partage,法式⾃动轮盘,法式⾃動輪盤,オートルーレットラパルタージュ,오토 룰렛 La Partage,ออโต้รูเล็ตต์ La Partage,Roulette Tự Động La Partage,,,,,,,,,,,,,,,,,,
01rb77cq1gtenhmo,Auto-Roulette VIP,VIP自动轮盘,VIP自動輪盤,オートルーレット VIP,오토 룰렛 VIP,ออโต้รูเล็ตต์วีไอพี,Roulette Tự Động VIP,ऑटो-रूलेट वीआईपी,Auto-Rolet VIP,Auto-Rolet VIP,,,,,,,,,,,,,,,
BacBo00000000001,Bac Bo,百家宝,百家寶,バックボー,바카라 보,บาค โบ,Bac Bo,बैक बो,Bac Bo,Bac Bo,,,,,,,,,,,,,,,
oytmvb9m1zysmc44,Baccarat A,百家乐A,百家樂A,バカラ A,바카라 A,บาคาร่าเอ,Baccarat A,बैकारेट A,,,,,,,,,,,,,,,,,
60i0lcfx5wkkv3sy,Baccarat B,百家乐B,百家樂B,バカラ B,바카라 B,บาคาร่าบี,Baccarat B,बैकारेट B,,,,,,,,,,,,,,,,,
ndgvs3tqhfuaadyg,Baccarat C,百家乐C,百家樂C,バカラ,바카라 C,บาคาร่าซี,Baccarat C,बैकारेट C,,,,,,,,,,,,,,,,,
k2oswnib7jjaaznw,Baccarat Control Squeeze,咪牌控制百家乐,瞇牌控制百家樂,バカラコントロールスクイーズ,바카라 컨트롤 스퀴즈,บาคาร่าสควีซแบบควบคุม,Baccarat Control Squeeze,,,,,,,,,,,,,,,,,,
zixzea8nrf1675oh,Baccarat Squeeze,咪牌百家乐,瞇牌百家樂,バカラスクイーズ,바카라 스퀴즈,บาคาร่าสควีซ,Baccarat Squeeze,,,,,,,,,,,,,,,,,,
#N/A,Benelux Slingshot,比荷卢联盟弹弓,比荷盧聯盟彈弓,ベネルクススリングショット,베네룩스 슬링샷,เบเนลักซ์สลิงช็อต,Benelux Slingshot,,,,,,,,,,,,,,,,,,
#N/A,Betclic Blackjack,Betclic 二十一点,Betclic二十一點,ベットクリック ブラックジャック,Betclic 블랙잭,เบ็ตคลิกแบล็กแจ็ก,Betclic Blackjack,,,,,,,,,,,,,,,,,,
#N/A,BetMGM Blackjack 1,BetMGM 二十一点 1,BetMGM 二十一點 1,BetMGM　ブラックジャック1,BetMGM 블랙잭 1,ฺแบล็คแจ็ค BetMGM 1,BetMGM Blackjack 1,,,,,,,,,,,,,,,,,,
#N/A,BetMGM Blackjack 2,BetMGM 二十一点 2,BetMGM 二十一點 2,BetMGM　ブラックジャック2,BetMGM 블랙잭 2,ฺแบล็คแจ็ค BetMGM 2,BetMGM Blackjack 2,,,,,,,,,,,,,,,,,,
#N/A,BetMGM Blackjack 3,BetMGM 二十一点 3,BetMGM 二十一點 3,BetMGM　ブラックジャック3,BetMGM 블랙잭 3,ฺแบล็คแจ็ค BetMGM 3,BetMGM Blackjack 3,,,,,,,,,,,,,,,,,,
#N/A,BetMGM Blackjack 4,BetMGM 二十一点 4,BetMGM 二十一點 4,BetMGM　ブラックジャック4,BetMGM 블랙잭 4,ฺแบล็คแจ็ค BetMGM 4,BetMGM Blackjack 4,,,,,,,,,,,,,,,,,,
#N/A,BetMGM Blackjack 5,BetMGM 二十一点 5,BetMGM 二十一點 5,BetMGM　ブラックジャック5,BetMGM 블랙잭 5,ฺแบล็คแจ็ค BetMGM 5,BetMGM Blackjack 5,,,,,,,,,,,,,,,,,,
#N/A,BetMGM Blackjack 6,BetMGM 二十一点 6,BetMGM 二十一點 6,BetMGM　ブラックジャック6,BetMGM 블랙잭 6,ฺแบล็คแจ็ค BetMGM 6,BetMGM Blackjack 6,,,,,,,,,,,,,,,,,,
#N/A,Betway Blackjack,Betway二十一点,Betway二十一點,Betway ブラックジャック,Betway 블랙잭,เบ็ตเวย์แบล็คแจ็ค,Betway Blackjack,,,,,,,,,,,,,,,,,,
#N/A,BJ Exclusive 10,二十一点独占 10,二十一點獨佔10,ブラックジャック エクスクルーシブ 10,블랙잭 익스클루지브 10,แบล็คแจ็คเอ็กซ์คลูซีฟ 10,Blackjack Độc quyền 10,,,,,,,,,,,,,,,,,,
#N/A,BJ Exclusive 11,二十一点独占 11,二十一點獨佔11,ブラックジャック エクスクルーシブ 11,블랙잭 익스클루지브 11,แบล็คแจ็คเอ็กซ์คลูซีฟ 11,Blackjack Độc quyền 11,,,,,,,,,,,,,,,,,,
#N/A,BJ Exclusive 12,二十一点独占 12,二十一點獨佔12,ブラックジャックエクスクルーシブ　12,BJ 익스클루지브 12,แบล็คแจ็คเอ็กซ์คลูซีฟ 12,BJ Độc Quyền 12,,,,,,,,,,,,,,,,,,
#N/A,BJ Exclusive 15,二十一点独占 15,二十一點獨佔15,ブラックジャックエクスクルーシブ　15,BJ 익스클루지브 15,แบล็คแจ็คเอ็กซ์คลูซีฟ 15,BJ Độc Quyền 15,,,,,,,,,,,,,,,,,,
#N/A,BJ Exclusive 16,二十一点独占 16,二十一點獨佔16,ブラックジャックエクスクルーシブ　16,BJ 익스클루지브 16,แบล็คแจ็คเอ็กซ์คลูซีฟ 16,BJ Độc Quyền 16,,,,,,,,,,,,,,,,,,
#N/A,BJ Exclusive 17,二十一点独占 17,二十一點獨佔17,ブラックジャックエクスクルーシブ　17,BJ 익스클루지브 17,แบล็คแจ็คเอ็กซ์คลูซีฟ 17,BJ Độc Quyền 17,,,,,,,,,,,,,,,,,,
#N/A,BJ Exclusive 18,二十一点独占 18,二十一點獨佔18,ブラックジャックエクスクルーシブ　18,BJ 익스클루지브 18,แบล็คแจ็คเอ็กซ์คลูซีฟ 18,BJ Độc Quyền 18,,,,,,,,,,,,,,,,,,
#N/A,BJ Francophone,法语二十一点,法語二十一點,ブラックジャック フランコフォン,프랑스 블랙잭,แบล็คแจ็คฟรังโกโฟน,Blackjack Francophone,,,,,,,,,,,,,,,,,,
#N/A,BJ Unibet A,Unibet 二十一点 A,Unibet二十一點A,ブラックジャック ユニベット A,블랙잭 유니벳 A,แบล็คแจ็คยูนิเบ็ตเอ,Blackjack Unibet A,,,,,,,,,,,,,,,,,,
#N/A,BJ Unibet B,Unibet 二十一点 B,Unibet二十一點B,ブラックジャック ユニベット B,블랙잭 유니벳 B,แบล็คแจ็คยูนิเบ็ตบี,Blackjack Unibet B,,,,,,,,,,,,,,,,,,
#N/A,Blackjack 1,二十一点1,二十一點1,ブラックジャック 1,블랙잭 1,แบล็คแจ็ค 1,Blackjack 1,,,,,,,,,,,,,,,,,,
#N/A,Blackjack 2,二十一点2,二十一點2,ブラックジャック 2,블랙잭 2,แบล็คแจ็ค 2,Blackjack 2,,,,,,,,,,,,,,,,,,
#N/A,Blackjack 5,二十一点5,二十一點5,ブラックジャック 5,블랙잭 5,แบล็คแจ็ค 5,Blackjack 5,,,,,,,,,,,,,,,,,,
#N/A,Blackjack 6,二十一点6,二十一點6,ブラックジャック 6,블랙잭 6,แบล็คแจ็ค 6,Blackjack 6,,,,,,,,,,,,,,,,,,
uwd2bl2khwcikjlz,Blackjack A,⼆⼗⼀点 A,二十一點A,ブラックジャック A,블랙잭 A,แบล็คแจ็คเอ,Blackjack A,ब्लैकजैक A,,,,,,,,,,,,,,,,,
xphpcthv8e6ivc16,Blackjack B,二十一点 B,二十一點B,ブラックジャック B,블랙잭 B,แบล็คแจ็คบี,Blackjack B,ब्लैकजैक B,,,,,,,,,,,,,,,,,
jhs44mm0v3fi3aux,Blackjack C,二十一点C,二十一點C,ブラックジャック C,블랙잭 C,แบล็คแจ็คซี,Blackjack C,ब्लैकजैक C,,,,,,,,,,,,,,,,,
#N/A,Blackjack Classic 1,经典二十一点1,經典二十一點1,ブラックジャック クラシック 1,블랙잭 클래식 1,แบล็คแจ็คคลาสสิก 1,Blackjack Cổ điển 1,,,,,,,,,,,,,,,,,,
#N/A,Blackjack Classic 10,经典二十一点10,經典二十一點10,ブラックジャック クラシック 10,블랙잭 클래식 10,แบล็คแจ็คคลาสสิก 10,Blackjack Cổ điển 10,,,,,,,,,,,,,,,,,,
#N/A,Blackjack Classic 11,经典二十一点11,經典二十一點11,ブラックジャック クラシック 11,블랙잭 클래식 11,แบล็คแจ็คคลาสสิก 11,Blackjack Cổ điển 11,,,,,,,,,,,,,,,,,,
#N/A,Blackjack Classic 12,经典二十一点12,經典二十一點12,ブラックジャック クラシック 12,블랙잭 클래식 12,แบล็คแจ็คคลาสสิก 12,Blackjack Cổ điển 12,,,,,,,,,,,,,,,,,,
#N/A,Blackjack Classic 13,经典二十一点13,經典二十一點13,ブラックジャック クラシック 13,블랙잭 클래식 13,แบล็คแจ็คคลาสสิก 13,Blackjack Cổ điển 13,,,,,,,,,,,,,,,,,,
#N/A,Blackjack Classic 14,经典二十一点14,經典二十一點14,ブラックジャック クラシック 14,블랙잭 클래식 14,แบล็คแจ็คคลาสสิก 14,Blackjack Cổ điển 14,,,,,,,,,,,,,,,,,,
#N/A,Blackjack Classic 15,经典二十一点15,經典二十一點15,ブラックジャック クラシック 15,블랙잭 클래식 15,แบล็คแจ็คคลาสสิก 15,Blackjack Cổ điển 15,,,,,,,,,,,,,,,,,,
#N/A,Blackjack Classic 16,经典二十一点16,經典二十一點16,ブラックジャック クラシック 16,블랙잭 클래식 16,แบล็คแจ็คคลาสสิก 16,Blackjack Cổ điển 16,,,,,,,,,,,,,,,,,,
#N/A,Blackjack Classic 17,经典二十一点17,經典二十一點17,ブラックジャック クラシック 17,블랙잭 클래식 17,แบล็คแจ็คคลาสสิก 17,Blackjack Cổ điển 17,,,,,,,,,,,,,,,,,,
#N/A,Blackjack Classic 18,经典二十一点18,經典二十一點18,ブラックジャック クラシック 18,블랙잭 클래식 18,แบล็คแจ็คคลาสสิก 18,Blackjack Cổ điển 18,,,,,,,,,,,,,,,,,,
#N/A,Blackjack Classic 19,经典二十一点19,經典二十一點19,ブラックジャック クラシック 19,블랙잭 클래식 19,แบล็คแจ็คคลาสสิก 19,Blackjack Cổ điển 19,,,,,,,,,,,,,,,,,,
#N/A,Blackjack Classic 2,经典二十一点2,經典二十一點2,ブラックジャック クラシック 2,블랙잭 클래식 2,แบล็คแจ็คคลาสสิก 2,Blackjack Cổ điển 2,,,,,,,,,,,,,,,,,,
#N/A,Blackjack Classic 20,经典二十一点20,經典二十一點20,ブラックジャック クラシック 20,블랙잭 클래식 20,แบล็คแจ็คคลาสสิก 20,Blackjack Cổ điển 20,,,,,,,,,,,,,,,,,,
#N/A,Blackjack Classic 21,经典二十一点21,經典二十一點21,ブラックジャック クラシック 21,블랙잭 클래식 21,แบล็คแจ็คคลาสสิก 21,Blackjack Cổ điển 21,,,,,,,,,,,,,,,,,,
#N/A,Blackjack Classic 22,经典二十一点22,經典二十一點22,ブラックジャック クラシック 22,블랙잭 클래식 22,แบล็คแจ็คคลาสสิก 22,Blackjack Cổ điển 22,,,,,,,,,,,,,,,,,,
#N/A,Blackjack Classic 23,经典二十一点23,經典二十一點23,ブラックジャック クラシック 23,블랙잭 클래식 23,แบล็คแจ็คคลาสสิก 23,Blackjack Cổ điển 23,,,,,,,,,,,,,,,,,,
#N/A,Blackjack Classic 24,经典二十一点24,經典二十一點24,ブラックジャック クラシック 24,블랙잭 클래식 24,แบล็คแจ็คคลาสสิก 24,Blackjack Cổ điển 24,,,,,,,,,,,,,,,,,,
#N/A,Blackjack Classic 25,经典二十一点25,經典二十一點25,ブラックジャック クラシック 25,블랙잭 클래식 25,แบล็คแจ็คคลาสสิก 25,Blackjack Cổ điển 25,,,,,,,,,,,,,,,,,,
#N/A,Blackjack Classic 26,经典二十一点26,經典二十一點26,ブラックジャック クラシック 26,블랙잭 클래식 26,แบล็คแจ็คคลาสสิก 26,Blackjack Cổ điển 26,,,,,,,,,,,,,,,,,,
#N/A,Blackjack Classic 27,经典二十一点27,經典二十一點27,ブラックジャック クラシック 27,블랙잭 클래식 27,แบล็คแจ็คคลาสสิก 27,Blackjack Cổ điển 27,,,,,,,,,,,,,,,,,,
#N/A,Blackjack Classic 28,经典二十一点28,經典二十一點28,ブラックジャック クラシック 28,블랙잭 클래식 28,แบล็คแจ็คคลาสสิก 28,Blackjack Cổ điển 28,,,,,,,,,,,,,,,,,,
#N/A,Blackjack Classic 29,经典二十一点29,經典二十一點29,ブラックジャック クラシック 29,블랙잭 클래식 29,แบล็คแจ็คคลาสสิก 29,Blackjack Cổ điển 29,,,,,,,,,,,,,,,,,,
#N/A,Blackjack Classic 3,经典二十一点3,經典二十一點3,ブラックジャック クラシック 3,블랙잭 클래식 3,แบล็คแจ็คคลาสสิก 3,Blackjack Cổ điển 3,,,,,,,,,,,,,,,,,,
#N/A,Blackjack Classic 30,经典二十一点30,經典二十一點30,ブラックジャック クラシック 30,블랙잭 클래식 30,แบล็คแจ็คคลาสสิก 30,Blackjack Cổ điển 30,,,,,,,,,,,,,,,,,,
#N/A,Blackjack Classic 31,经典二十一点31,經典二十一點31,ブラックジャック クラシック 31,블랙잭 클래식 31,แบล็คแจ็คคลาสสิก 31,Blackjack Cổ điển 31,,,,,,,,,,,,,,,,,,
#N/A,Blackjack Classic 32,经典二十一点32,經典二十一點32,ブラックジャック クラシック 32,블랙잭 클래식 32,แบล็คแจ็คคลาสสิก 32,Blackjack Cổ điển 32,,,,,,,,,,,,,,,,,,
#N/A,Blackjack Classic 33,经典二十一点33,經典二十一點33,ブラックジャック クラシック 33,블랙잭 클래식 33,แบล็คแจ็คคลาสสิก 33,Blackjack Cổ điển 33,,,,,,,,,,,,,,,,,,
#N/A,Blackjack Classic 34,经典二十一点34,經典二十一點34,ブラックジャック クラシック 34,블랙잭 클래식 34,แบล็คแจ็คคลาสสิก 34,Blackjack Cổ điển 34,,,,,,,,,,,,,,,,,,
#N/A,Blackjack Classic 35,经典二十一点35,經典二十一點35,ブラックジャック クラシック 35,블랙잭 클래식 35,แบล็คแจ็คคลาสสิก 35,Blackjack Cổ điển 35,,,,,,,,,,,,,,,,,,
#N/A,Blackjack Classic 36,经典二十一点36,經典二十一點36,ブラックジャック クラシック 36,블랙잭 클래식 36,แบล็คแจ็คคลาสสิก 36,Blackjack Cổ điển 36,,,,,,,,,,,,,,,,,,
#N/A,Blackjack Classic 37,经典二十一点37,經典二十一點37,ブラックジャック クラシック 37,블랙잭 클래식 37,แบล็คแจ็คคลาสสิก 37,Blackjack Cổ điển 37,,,,,,,,,,,,,,,,,,
#N/A,Blackjack Classic 38,经典二十一点38,經典二十一點38,ブラックジャック クラシック 38,블랙잭 클래식 38,แบล็คแจ็คคลาสสิก 38,Blackjack Cổ điển 38,,,,,,,,,,,,,,,,,,
#N/A,Blackjack Classic 39,经典二十一点39,經典二十一點39,ブラックジャック クラシック 39,블랙잭 클래식 39,แบล็คแจ็คคลาสสิก 39,Blackjack Cổ điển 39,,,,,,,,,,,,,,,,,,
#N/A,Blackjack Classic 4,经典二十一点4,經典二十一點4,ブラックジャック クラシック 4,블랙잭 클래식 4,แบล็คแจ็คคลาสสิก 4,Blackjack Cổ điển 4,,,,,,,,,,,,,,,,,,
#N/A,Blackjack Classic 40,经典二十一点40,經典二十一點40,ブラックジャック クラシック 40,블랙잭 클래식 40,แบล็คแจ็คคลาสสิก 40,Blackjack Cổ điển 40,,,,,,,,,,,,,,,,,,
#N/A,Blackjack Classic 41,经典二十一点41,經典二十一點41,ブラックジャック クラシック 41,블랙잭 클래식 41,แบล็คแจ็คคลาสสิก 41,Blackjack Cổ điển 41,,,,,,,,,,,,,,,,,,
#N/A,Blackjack Classic 42,经典二十一点42,經典二十一點42,ブラックジャック クラシック 42,블랙잭 클래식 42,แบล็คแจ็คคลาสสิก 42,Blackjack Cổ điển 42,,,,,,,,,,,,,,,,,,
#N/A,Blackjack Classic 43,经典二十一点43,經典二十一點43,ブラックジャック クラシック 43,블랙잭 클래식 43,แบล็คแจ็คคลาสสิก 43,Blackjack Cổ điển 43,,,,,,,,,,,,,,,,,,
#N/A,Blackjack Classic 44,经典二十一点44,經典二十一點44,ブラックジャック クラシック 44,블랙잭 클래식 44,แบล็คแจ็คคลาสสิก 44,Blackjack Cổ điển 44,,,,,,,,,,,,,,,,,,
#N/A,Blackjack Classic 45,经典二十一点45,經典二十一點45,ブラックジャック クラシック 45,블랙잭 클래식 45,แบล็คแจ็คคลาสสิก 45,Blackjack Cổ điển 45,,,,,,,,,,,,,,,,,,
#N/A,Blackjack Classic 46,经典二十一点46,經典二十一點46,ブラックジャック クラシック 46,블랙잭 클래식 46,แบล็คแจ็คคลาสสิก 46,Blackjack Cổ điển 46,,,,,,,,,,,,,,,,,,
#N/A,Blackjack Classic 47,经典二十一点47,經典二十一點47,ブラックジャック クラシック 47,블랙잭 클래식 47,แบล็คแจ็คคลาสสิก 47,Blackjack Cổ điển 47,,,,,,,,,,,,,,,,,,
#N/A,Blackjack Classic 48,经典二十一点48,經典二十一點48,ブラックジャック クラシック 48,블랙잭 클래식 48,แบล็คแจ็คคลาสสิก 48,Blackjack Cổ điển 48,,,,,,,,,,,,,,,,,,
#N/A,Blackjack Classic 49,经典二十一点49,經典二十一點49,ブラックジャック クラシック 49,블랙잭 클래식 49,แบล็คแจ็คคลาสสิก 49,Blackjack Cổ điển 49,,,,,,,,,,,,,,,,,,
#N/A,Blackjack Classic 5,经典二十一点5,經典二十一點5,ブラックジャック クラシック 5,블랙잭 클래식 5,แบล็คแจ็คคลาสสิก 5,Blackjack Cổ điển 5,,,,,,,,,,,,,,,,,,
#N/A,Blackjack Classic 50,经典二十一点50,經典二十一點50,ブラックジャック クラシック 50,블랙잭 클래식 50,แบล็คแจ็คคลาสสิก 50,Blackjack Cổ điển 50,,,,,,,,,,,,,,,,,,
#N/A,Blackjack Classic 51,经典二十一点51,經典二十一點51,ブラックジャック クラシック 51,블랙잭 클래식 51,แบล็คแจ็คคลาสสิก 51,Blackjack Cổ điển 51,,,,,,,,,,,,,,,,,,
#N/A,Blackjack Classic 52,经典二十一点52,經典二十一點52,ブラックジャック クラシック 52,블랙잭 클래식 52,แบล็คแจ็คคลาสสิก 52,Blackjack Cổ điển 52,,,,,,,,,,,,,,,,,,
#N/A,Blackjack Classic 53,经典二十一点53,經典二十一點53,ブラックジャック クラシック 53,블랙잭 클래식 53,แบล็คแจ็คคลาสสิก 53,Blackjack Cổ điển 53,,,,,,,,,,,,,,,,,,
#N/A,Blackjack Classic 54,经典二十一点54,經典二十一點54,ブラックジャック クラシック 54,블랙잭 클래식 54,แบล็คแจ็คคลาสสิก 54,Blackjack Cổ điển 54,,,,,,,,,,,,,,,,,,
#N/A,Blackjack Classic 55,经典二十一点55,經典二十一點55,ブラックジャック クラシック 55,블랙잭 클래식 55,แบล็คแจ็คคลาสสิก 55,Blackjack Cổ điển 55,,,,,,,,,,,,,,,,,,
#N/A,Blackjack Classic 56,经典二十一点56,經典二十一點56,ブラックジャック クラシック 56,블랙잭 클래식 56,แบล็คแจ็คคลาสสิก 56,Blackjack Cổ điển 56,,,,,,,,,,,,,,,,,,
#N/A,Blackjack Classic 57,经典二十一点57,經典二十一點57,ブラックジャック クラシック 57,블랙잭 클래식 57,แบล็คแจ็คคลาสสิก 57,Blackjack Cổ điển 57,,,,,,,,,,,,,,,,,,
#N/A,Blackjack Classic 58,经典二十一点58,經典二十一點58,ブラックジャック クラシック 58,블랙잭 클래식 58,แบล็คแจ็คคลาสสิก 58,Blackjack Cổ điển 58,,,,,,,,,,,,,,,,,,
#N/A,Blackjack Classic 59,经典二十一点59,經典二十一點59,ブラックジャック クラシック 59,블랙잭 클래식 59,แบล็คแจ็คคลาสสิก 59,Blackjack Cổ điển 59,,,,,,,,,,,,,,,,,,
#N/A,Blackjack Classic 6,经典二十一点6,經典二十一點6,ブラックジャック クラシック 6,블랙잭 클래식 6,แบล็คแจ็คคลาสสิก 6,Blackjack Cổ điển 6,,,,,,,,,,,,,,,,,,
#N/A,Blackjack Classic 60,经典二十一点60,經典二十一點60,ブラックジャック クラシック 60,블랙잭 클래식 60,แบล็คแจ็คคลาสสิก 60,Blackjack Cổ điển 60,,,,,,,,,,,,,,,,,,
#N/A,Blackjack Classic 61,经典二十一点61,經典二十一點61,ブラックジャック クラシック 61,블랙잭 클래식 61,แบล็คแจ็คคลาสสิก 61,Blackjack Cổ điển 61,,,,,,,,,,,,,,,,,,
#N/A,Blackjack Classic 62,经典二十一点62,經典二十一點62,ブラックジャック クラシック 62,블랙잭 클래식 62,แบล็คแจ็คคลาสสิก 62,Blackjack Cổ điển 62,,,,,,,,,,,,,,,,,,
#N/A,Blackjack Classic 63,经典二十一点63,經典二十一點63,ブラックジャック クラシック 63,블랙잭 클래식 63,แบล็คแจ็คคลาสสิก 63,Blackjack Cổ điển 63,,,,,,,,,,,,,,,,,,
#N/A,Blackjack Classic 64,经典二十一点64,經典二十一點64,ブラックジャック クラシック 64,블랙잭 클래식 64,แบล็คแจ็คคลาสสิก 64,Blackjack Cổ điển 64,,,,,,,,,,,,,,,,,,
#N/A,Blackjack Classic 65,经典二十一点65,經典二十一點65,ブラックジャック クラシック 65,블랙잭 클래식 65,แบล็คแจ็คคลาสสิก 65,Blackjack Cổ điển 65,,,,,,,,,,,,,,,,,,
#N/A,Blackjack Classic 66,经典二十一点66,經典二十一點66,ブラックジャック クラシック 66,블랙잭 클래식 66,แบล็คแจ็คคลาสสิก 66,Blackjack Cổ điển 66,,,,,,,,,,,,,,,,,,
#N/A,Blackjack Classic 67,经典二十一点67,經典二十一點67,ブラックジャック クラシック 67,블랙잭 클래식 67,แบล็คแจ็คคลาสสิก 67,Blackjack Cổ điển 67,,,,,,,,,,,,,,,,,,
#N/A,Blackjack Classic 68,经典二十一点68,經典二十一點68,ブラックジャック クラシック 68,블랙잭 클래식 68,แบล็คแจ็คคลาสสิก 68,Blackjack Cổ điển 68,,,,,,,,,,,,,,,,,,
#N/A,Blackjack Classic 69,经典二十一点69,經典二十一點69,ブラックジャック クラシック 69,블랙잭 클래식 69,แบล็คแจ็คคลาสสิก 69,Blackjack Cổ điển 69,,,,,,,,,,,,,,,,,,
#N/A,Blackjack Classic 7,经典二十一点7,經典二十一點7,ブラックジャック クラシック 7,블랙잭 클래식 7,แบล็คแจ็คคลาสสิก 7,Blackjack Cổ điển 7,,,,,,,,,,,,,,,,,,
#N/A,Blackjack Classic 72,经典二十一点72,經典二十一點72,ブラックジャック クラシック 72,블랙잭 클래식 72,แบล็คแจ็คคลาสสิก 72,Blackjack Cổ điển 72,,,,,,,,,,,,,,,,,,
#N/A,Blackjack Classic 8,经典二十一点8,經典二十一點8,ブラックジャック クラシック 8,블랙잭 클래식 8,แบล็คแจ็คคลาสสิก 8,Blackjack Cổ điển 8,,,,,,,,,,,,,,,,,,
#N/A,Blackjack Classic 9,经典二十一点9,經典二十一點9,ブラックジャック クラシック 9,블랙잭 클래식 9,แบล็คแจ็คคลาสสิก 9,Blackjack Cổ điển 9,,,,,,,,,,,,,,,,,,
#N/A,Blackjack Cresus Deux,Cresus 二十一点 Deux,Cresus 二十一點 Deux,クロイソス ブラックジャック クラシック,Cresus 블랙잭 듀스,แบล็กแจ็ก Cresus Deux,Cresus Blackjack Deux,क्रीसस ब्लैकजैक डू,Blackjack Cresus Deux,Blackjack Cresus Deux,,,,,,,,,,,,,,,
#N/A,Blackjack D,二十一点 D,二十一點D,ブラックジャック D,블랙잭 D,แบล็คแจ็คดี,Blackjack D,ब्लैकजैक D,,,,,,,,,,,,,,,,,
rdefcn4sffgo39l7,Blackjack Diamond VIP,⼆⼗⼀点 钻⽯厅,二十一點鑽⽯廳,ブラックジャック ダイヤモンド VIP,블랙잭 다이아몬드 VIP,แบล็คแจ็คเพชรวีไอพี,Blackjack Kim Cương VIP,ब्लैकजैक डायमंड वीआईपी,Blackjack Diamond VIP,Blackjack Diamond VIP,,,,,,,,,,,,,,,
#N/A,Blackjack E,二十一点 E,二十一點E,ブラックジャック E,블랙잭 E,แบล็คแจ็คอี,Blackjack E,ब्लैकजैक E,,,,,,,,,,,,,,,,,
#N/A,Blackjack F,二十一点 F,二十一點F,ブラックジャック F,블랙잭 F,แบล็คแจ็คเอฟ,Blackjack F,ब्लैकजैक F,,,,,,,,,,,,,,,,,
ejx1a04w4ben0mou,Blackjack Fortune VIP,⼆⼗⼀点 富贵厅,二十一點富貴廳,ブラックジャック フォーチュン VIP,블랙잭 포춘 VIP,แบล็คแจ็คฟอร์จูนวีไอพี,Blackjack Vận May VIP,ब्लैकजैक फॉर्चून वीआईपी,Blackjack Fortuna VIP,Blackjack Fortune VIP,,,,,,,,,,,,,,,
#N/A,Blackjack G,二十一点 G,二十一點G,ブラックジャック G,블랙잭 G,แบล็คแจ็คจี,Blackjack G,ब्लैकजैक G,,,,,,,,,,,,,,,,,
gfzrqe4hqv24kukc,Blackjack Grand VIP,⼆⼗⼀点 豪华厅,二十一點豪華廳,ブラックジャック グランド VIP,블랙잭 그랜드 VIP,แบล็คแจ็คแกรนด์วีไอพี,Blackjack Lớn VIP,,,,,,,,,,,,,,,,,,
#N/A,Blackjack H,二十一点 H,二十一點H,ブラックジャック H,블랙잭 H,แบล็คแจ็คเอช,Blackjack H,ब्लैकजैक H,,,,,,,,,,,,,,,,,
#N/A,Blackjack I,二十一点 I,二十一點I,ブラックジャック I,블랙잭 I,แบล็คแจ็คไอ,Blackjack I,ब्लैकजैक I,,,,,,,,,,,,,,,,,
#N/A,Blackjack J,二十一点 J,二十一點J,ブラックジャック J,블랙잭 J,แบล็คแจ็คเจ,Blackjack J,ब्लैकजैक J,,,,,,,,,,,,,,,,,
sni5cza6d1vvl50i,Blackjack Party,派对二十一点,派對二十一點,ブラックジャック パーティ,블랙잭 파티,แบล็คแจ็คปาร์ตี้,Blackjack Tiệc tùng,ब्लैकजैक पार्टी,Blackjack Party,Blackjack Party,,,,,,,,,,,,,,,
h463tlq1rhl1lfr2,Blackjack Platinum VIP,⼆⼗⼀点白金独享,二十一點⽩⾦獨享,ブラックジャック プラチナ VIP,블랙잭 플래티넘 VIP,แบล็คแจ็คแพลทินัมวีไอพี,Blackjack Bạch Kim VIP,,,,,,,,,,,,,,,,,,
gkmq0o2hryjyqu30,Blackjack Silver A,二十一点银A,二十一點銀A,ブラックジャック銀 A,블랙잭 은 A,แบล็คแจ็คเงินเอ,Blackjack Bạc A,,,,,,,,,,,,,,,,,,
9f4xhuhdd005xlbl,Blackjack Silver B,二十一点银B,二十一點銀B,ブラックジャック銀 B,블랙잭 은 B,แบล็คแจ็คเงินบี,Blackjack Bạc B,,,,,,,,,,,,,,,,,,
qlrc3fq3v7p6awm4,Blackjack Silver C,二十一点银C,二十一點銀C,ブラックジャック銀 C,블랙잭 은 C,แบล็คแจ็คเงินซี,Blackjack Bạc C,,,,,,,,,,,,,,,,,,
qckwjf2o52r9ikeb,Blackjack Silver D,二十一点银D,二十一點銀D,ブラックジャック銀 D,블랙잭 은 D,แบล็คแจ็คเงินดี,Blackjack Bạc D,,,,,,,,,,,,,,,,,,
gazgtkid9h1b0dn9,Blackjack Silver E,二十一点银E,二十一點銀E,ブラックジャック銀 E,블랙잭 은 E,แบล็คแจ็คเงินอี,Blackjack Bạc E,,,,,,,,,,,,,,,,,,
lnofoyxv756qaezy,Blackjack Silver F,二十一点银F,二十一點銀F,ブラックジャック銀 F,블랙잭 은 F,แบล็คแจ็คเงินเอฟ,Blackjack Bạc F,,,,,,,,,,,,,,,,,,
lnofpmm3756qae2c,Blackjack Silver G,二十一点银G,二十一點銀G,ブラックジャック銀 G,블랙잭 은 G,แบล็คแจ็คเงินจี,Blackjack Bạc G,,,,,,,,,,,,,,,,,,
#N/A,Blackjack Unibet VIP 2,Unibet 二十一点尊贵 2,Unibet二十一點VIP 2,ブラックジャック ユニベット VIP 2,블랙잭 유니벳 VIP 2,แบล็คแจ็คยูนิเบ็ตวีไอพี 2,Blackjack Unibet VIP 2,,,,,,,,,,,,,,,,,,
pdk5yzyfjkgepoml,Blackjack VIP 11,VIP 二十一点11,VIP 二十一點11,ブラックジャック VIP 11,블랙잭 VIP 11,แบล็กแจ็ก VIP 11,Blackjack VIP 11,,,,,,,,,,,,,,,,,,
pdk53n4bjkgepr5u,Blackjack VIP 15,VIP 二十一点15,VIP 二十一點15,ブラックジャック VIP 15,블랙잭 VIP 15,แบล็กแจ็ก VIP 15,Blackjack VIP 15,,,,,,,,,,,,,,,,,,
pdk54i3vey6up3dg,Blackjack VIP 16,VIP 二十一点16,VIP 二十一點16,ブラックジャック VIP 16,블랙잭 VIP 16,แบล็กแจ็ก VIP 16,Blackjack VIP 16,,,,,,,,,,,,,,,,,,
o735ggd5iwsswcz7,Blackjack VIP 7,VIP 二十一点7,VIP 二十一點7,ブラックジャック VIP 7,블랙잭 VIP 7,แบล็กแจ็ก VIP 7,Blackjack VIP 7,,,,,,,,,,,,,,,,,,
o735hfcqauecwjxp,Blackjack VIP 8,VIP 二十一点8,VIP 二十一點8,ブラックジャック VIP 8,블랙잭 VIP 8,แบล็กแจ็ก VIP 8,Blackjack VIP 8,,,,,,,,,,,,,,,,,,
0mvn914lkmo9vaq8,Blackjack VIP A,⼆⼗⼀点 VIP A,二十一點VIP A,ブラックジャック VIP A,블랙잭 VIP A,แบล็คแจ็ควีไอพีเอ,Blackjack VIP A,,,,,,,,,,,,,,,,,,
oqicznoauwbl46am,Blackjack VIP Alpha,VIP 二十一点阿尔法,VIP 二十一點阿爾法,ブラックジャック VIP アルファ,블랙잭 VIP 알파,แบล็คแจ็ควีไอพีแอลฟา,Blackjack VIP Alpha,,,,,,,,,,,,,,,,,,
cpxl81x0rgi34cmo,Blackjack VIP B,⼆⼗⼀点 VIP B,二十一點VIP B,ブラックジャック VIP B,블랙잭 VIP B,แบล็คแจ็ควีไอพีบี,Blackjack VIP B,,,,,,,,,,,,,,,,,,
oqic5sqbt25322zm,Blackjack VIP Beta,VIP 二十一点贝塔,VIP 二十一點貝塔,ブラックジャック VIP ベータ,블랙잭 VIP 베타,แบล็คแจ็ควีไอพีบีตา,Blackjack VIP Beta,,,,,,,,,,,,,,,,,,
l5aug44hhzr3qvxs,Blackjack VIP C,⼆⼗⼀点 VIP C,二十一點VIP C,ブラックジャック VIP C,블랙잭 VIP C,แบล็คแจ็ควีไอพีซี,Blackjack VIP C,,,,,,,,,,,,,,,,,,
o3d9tx3u8kd0yawc,Blackjack VIP D,⼆⼗⼀点 VIP D,二十一點VIP D,ブラックジャック VIP D,블랙잭 VIP D,แบล็คแจ็ควีไอพีดี,Blackjack VIP D,,,,,,,,,,,,,,,,,,
psm2um7k4da8zwc2,Blackjack VIP E,⼆⼗⼀点 VIP E,二十一點VIP E,ブラックジャック VIP E,블랙잭 VIP E,แบล็คแจ็ควีไอพีอี,Blackjack VIP E,,,,,,,,,,,,,,,,,,
ehw2fvl831m5n2km,Blackjack VIP F,⼆⼗⼀点 VIP F,二十一點VIP F,ブラックジャック VIP F,블랙잭 VIP F,แบล็คแจ็ควีไอพีเอฟ,Blackjack VIP F,,,,,,,,,,,,,,,,,,
z5pf5pichcsw3d2o,Blackjack VIP G,⼆⼗⼀点 VIP G,二十一點VIP G,ブラックジャック VIP G,블랙잭 VIP G,แบล็คแจ็ควีไอพีจี,Blackjack VIP G,,,,,,,,,,,,,,,,,,
oqidcfpsuwbl5cqd,Blackjack VIP Gamma,VIP 二十一点伽玛,VIP 二十一點伽瑪,ブラックジャック VIP ガンマ,블랙잭 VIP 감마,แบล็คแจ็ควีไอพีแกมมา,Blackjack VIP Gamma,,,,,,,,,,,,,,,,,,
#N/A,Blackjack VIP H,⼆⼗⼀点 VIP H,二十一點VIP H,ブラックジャック VIP H,블랙잭 VIP H,แบล็คแจ็ควีไอพีเอช,Blackjack VIP H,,,,,,,,,,,,,,,,,,
lnofn2yl756qaezm,Blackjack VIP I,⼆⼗⼀点 VIP I,二十一點VIP I,ブラックジャック VIP I,블랙잭 VIP I,แบล็คแจ็ควีไอพีไอ,Blackjack VIP I,,,,,,,,,,,,,,,,,,
m6mfo66sb7eafnzz,Blackjack VIP J,⼆⼗⼀点 VIP J,二十一點VIP J,ブラックジャック VIP J,블랙잭 VIP J,แบล็คแจ็ควีไอพีเจ,Blackjack VIP J,,,,,,,,,,,,,,,,,,
m6mfsirtb7eafn5c,Blackjack VIP K,⼆⼗⼀点 VIP K,二十一點VIP K,ブラックジャック VIP K,블랙잭 VIP K,แบล็คแจ็ควีไอพีเค,Blackjack VIP K,,,,,,,,,,,,,,,,,,
nbjettfehawanhes,Blackjack VIP L,⼆⼗⼀点 VIP L,二十一點VIP L,ブラックジャック VIP L,블랙잭 VIP L,แบล็คแจ็ควีไอพีแอล,Blackjack VIP L,,,,,,,,,,,,,,,,,,
nbjetztthawanhey,Blackjack VIP M,⼆⼗⼀点 VIP M,二十一點VIP M,ブラックジャック VIP M,블랙잭 VIP M,แบล็คแจ็ควีไอพีเอ็ม,Blackjack VIP M,,,,,,,,,,,,,,,,,,
nkyiswhd2jpbw4i4,Blackjack VIP N,⼆⼗⼀点 VIP N,二十一點VIP N,ブラックジャック VIP N,블랙잭 VIP N,แบล็คแจ็ควีไอพีเอ็น,Blackjack VIP N,,,,,,,,,,,,,,,,,,
nkyivihc2jpbw4uy,Blackjack VIP O,⼆⼗⼀点 VIP O,二十一點VIP O,ブラックジャック VIP O,블랙잭 VIP O,แบล็คแจ็ควีไอพีโอ,Blackjack VIP O,,,,,,,,,,,,,,,,,,
nsxqkywul2nzcwwh,Blackjack VIP P,⼆⼗⼀点 VIP P,二十一點VIP P,ブラックジャック VIP P,블랙잭 VIP P,แบล็คแจ็ควีไอพีพี,Blackjack VIP P,,,,,,,,,,,,,,,,,,
oa7fvyaiqfueq5ob,Blackjack VIP Q,⼆⼗⼀点 VIP Q,二十一點VIP Q,ブラックジャック VIP Q,블랙잭 VIP Q,แบล็คแจ็ควีไอพีคิว,Blackjack VIP Q,,,,,,,,,,,,,,,,,,
nsxqpyiol2nzcz6t,Blackjack VIP R,⼆⼗⼀点 VIP R,二十一點VIP R,ブラックジャック VIP R,블랙잭 VIP R,แบล็คแจ็ควีไอพีอาร์,Blackjack VIP R,,,,,,,,,,,,,,,,,,
nveq65dtmn6n4mnd,Blackjack VIP S,⼆⼗⼀点 VIP S,二十一點VIP S,ブラックジャック VIP S,블랙잭 VIP S,แบล็คแจ็ควีไอพีเอส,Blackjack VIP S,,,,,,,,,,,,,,,,,,
nveq66tfmn6n4moi,Blackjack VIP T,⼆⼗⼀点 VIP T,二十一點VIP T,ブラックジャック VIP T,블랙잭 VIP T,แบล็คแจ็ควีไอพีที,Blackjack VIP T,,,,,,,,,,,,,,,,,,
bciewncrf5ijneys,Blackjack VIP U,⼆⼗⼀点 VIP U,二十一點VIP U,ブラックジャック VIP U,블랙잭 VIP U,แบล็คแจ็ควีไอพียู,Blackjack VIP U,,,,,,,,,,,,,,,,,,
2uxabtm1rwaxcmdm,Blackjack VIP V,⼆⼗⼀点 VIP V,二十一點VIP V,ブラックジャック VIP V,블랙잭 VIP V,แบล็คแจ็ควีไอพีดับเบิลยู,Blackjack VIP V,,,,,,,,,,,,,,,,,,
bghflgi59db7d7r2,Blackjack VIP X,二十一点 VIP X,二十一點 VIP X,ブラックジャック VIP X,블랙잭 VIP X,แบล็กแจ็ก VIP X,Blackjack VIP X,,,,,,,,,,,,,,,,,,
oa7fpshyqfueqxuj,Blackjack VIP Z,⼆⼗⼀点 VIP Z,二十一點VIP Z,ブラックジャック VIP Z,블랙잭 VIP Z,แบล็คแจ็ควีไอพีซิ,Blackjack VIP Z,,,,,,,,,,,,,,,,,,
#N/A,Blackjack White A,白系二十一点A,白系二十一點A,ブラックジャック ホワイト A,블랙잭 화이트 A,แบล็คแจ็ค ไวท์ A,Blackjack Trắng A,,,,,,,,,,,,,,,,,,
#N/A,Blackjack White B,白系二十一点B,白系二十一點B,ブラックジャック ホワイト B,블랙잭 화이트 B,แบล็คแจ็ค ไวท์ B,Blackjack Trắng B,,,,,,,,,,,,,,,,,,
#N/A,Blackjack White C,白系二十一点A,白系二十一點C,ブラックジャック ホワイト C,블랙잭 화이트 C,แบล็คแจ็ค ไวท์ C,Blackjack Trắng C,,,,,,,,,,,,,,,,,,
#N/A,Bombay Club Salon Prive BJ,Bombay Club沙龙私人二十一点,Bombay Club沙龍私人二十一點,Bombay Club サロン プライベート ブラックジャック,Bombay Club 살롱 프라이브 바카라,บอมเบย์คลับซาลอนไพรว์แบล็คแจ็ค,Bombay Club Salon Prive Blackjack,,,,,,,,,,,,,,,,,,
#N/A,Bronze,青铜,青銅,ブロンズ,브론즈,บรอนซ์,Đồng,ब्रॉन्ज,Perunggu,Bronze,,,,,,,,,,,,,,,
#N/A,Bucharest Auto-Roulette,布加勒斯特电自动轮盘,布加勒斯特自動輪盤,ブカレスト オートルーレット,부카레스트 오토 룰렛,รูเล็ตต์บูคาเรสต์อัตโนมัติ,Bucharest Roulette tự động,,,,,,,,,,,,,,,,,,
#N/A,Bucharest Blackjack A,布加勒斯特二十一点A,布加勒斯特二十一點A,ブカレストブラックジャックA,부쿠레슈티 블랙 잭 A,บูคาเรสต์แบล็คแจ็คเอ,Bucharest Blackjack A,,,,,,,,,,,,,,,,,,
#N/A,Bucharest Blackjack B,布加勒斯特二十一点B,布加勒斯特二十一點B,ブカレストブラックジャックB,부쿠레슈티 블랙 잭 B,บูคาเรสต์แบล็คแจ็คบี,Bucharest Blackjack B,,,,,,,,,,,,,,,,,,
#N/A,Bucharest Free Bet Blackjack,布加勒斯特免费投注二十一点,布加勒斯特免費投注二十一點,ブカレスト フリーベット ブラックジャック,부쿠레슈티 프리 베팅 블랙잭,บูคาเรสแบล็กแจ็กเดิมพันฟรี,Blackjack Bucharest Đặt Cược Miễn Phí,,,,,,,,,,,,,,,,,,
#N/A,Bucharest Roulette,布加勒斯特轮盘,布加勒斯特輪盤,ブカレスト ルーレット,부카레스트 룰렛,รูเล็ตต์บูคาเรสต์,Bucharest Roulette,,,,,,,,,,,,,,,,,,
CSPTable00000001,Caribbean Stud Poker,加勒⽐海扑克,加勒⽐海撲克,カリビアンスタッドポーカー,캐리비안 스터드 포커,แคริบเบี้ยนสตั๊ดโป๊กเกอร์,Stud Poker Kiểu Caribe,कैरेबियन स्टड पोकर,Stud Poker Karibia,Poker Caribbean Stud,,,,,,,,,,,,,,,
CashOrCrash00001,Cash Or Crash,富贵险中求,富貴險中求,キャッシュオアクラッシュ,캐시 혹은 크래시,จะรุ่งหรือจะร่วง,Tiền Hay Tông,,,,,,,,,,,,,,,,,,
HoldemTable00001,Casino Hold'em,赌场扑克,賭場德州撲克,カジノホールデム,카지노 홀덤,คาสิโนโฮลด์เอ็ม,Casino Hold'em,कैसीनो होल्डम,,,,,,,,,,,,,,,,,
#N/A,Casino Hold'em Italia,意大利赌场德州扑克,義⼤利賭場德州撲克,カジノホールデム イタリア,이탈리아 카지노 홀덤,คาสิโนโฮลด์เอ็มอิตาลี,Casino Hold'em Ý,,,,,,,,,,,,,,,,,,
#N/A,Casino Malta Roulette,马耳他赌场轮盘,馬耳他賭場輪盤,カジノマルタ ルーレット,카지노 몰타 룰렛,คาสโนรูเล็ตต์มอลตา,Casino Malta Roulette,,,,,,,,,,,,,,,,,,
#N/A,Casinoroom Exclusive Blackjack,赌场室独占二十一点,賭場室獨佔二十一點,カジノルームエクスクルーシブブラックジャック,카지노룸 익스클루지브 블랙잭,ห้องคาสิโนเอ็กซ์คลูซีฟแบล็คแจ็ค,Casinoroom Exclusive Blackjack,,,,,,,,,,,,,,,,,,
#N/A,CasinoSecret Club Blackjack 2,独占二十一点,獨佔二十一點,ブラックジャック エクスクルーシブ,블랙잭 익스클루지브,เอ็กซ์คลูซีฟแบล็คแจ็ค,Blackjack Độc quyền,एक्सक्लूसिव ब्लैकजैक,Eksklusif Blackjack,Exclusive Blackjack,,,,,,,,,,,,,,,
#N/A,Classic Speed Blackjack 1,经典极速二十一点1,經典急速二十一點1,クラシックスピードブラックジャック1,클래식 스피드 블랙잭 1,คลาสสิกสปีดแบล็คแจ็ค 1,Blackjack Cổ điển Tốc Độ 1,,,,,,,,,,,,,,,,,,
#N/A,Classic Speed Blackjack 13,经典极速二十一点13,經典急速二十一點13,クラシックスピードブラックジャック13,클래식 스피드 블랙잭 13,คลาสสิกสปีดแบล็คแจ็ค 13,Blackjack Cổ điển Tốc Độ 13,,,,,,,,,,,,,,,,,,
#N/A,Classic Speed Blackjack 14,经典极速二十一点14,經典急速二十一點14,クラシックスピードブラックジャック14,클래식 스피드 블랙잭 14,คลาสสิกสปีดแบล็คแจ็ค 14,Blackjack Cổ điển Tốc Độ 14,,,,,,,,,,,,,,,,,,
#N/A,Classic Speed Blackjack 15,经典极速二十一点15,經典急速二十一點15,クラシックスピードブラックジャック15,클래식 스피드 블랙잭 15,คลาสสิกสปีดแบล็คแจ็ค 15,Blackjack Cổ điển Tốc Độ 15,,,,,,,,,,,,,,,,,,
#N/A,Classic Speed Blackjack 16,经典极速二十一点16,經典急速二十一點16,クラシックスピードブラックジャック16,클래식 스피드 블랙잭 16,คลาสสิกสปีดแบล็คแจ็ค 16,Blackjack Cổ điển Tốc độ 16,,,,,,,,,,,,,,,,,,
#N/A,Classic Speed Blackjack 17,经典极速二十一点17,經典急速二十一點17,クラシックスピードブラックジャック17,클래식 스피드 블랙잭 17,คลาสสิกสปีดแบล็คแจ็ค 17,Blackjack Cổ điển Tốc độ 17,,,,,,,,,,,,,,,,,,
#N/A,Classic Speed Blackjack 18,经典极速二十一点18,經典急速二十一點18,クラシックスピードブラックジャック18,클래식 스피드 블랙잭 18,คลาสสิกสปีดแบล็คแจ็ค 18,Blackjack Cổ điển Tốc độ 18,,,,,,,,,,,,,,,,,,
#N/A,Classic Speed Blackjack 2,经典极速二十一点2,經典急速二十一點2,クラシックスピードブラックジャック2,클래식 스피드 블랙잭 2,คลาสสิกสปีดแบล็คแจ็ค 2,Blackjack Cổ điển Tốc độ 2,,,,,,,,,,,,,,,,,,
#N/A,Classic Speed Blackjack 23,经典极速二十一点23,經典急速二十一點23,クラシックスピードブラックジャック23,클래식 스피드 블랙잭 23,คลาสสิกสปีดแบล็คแจ็ค 23,Blackjack Cổ điển Tốc độ 23,,,,,,,,,,,,,,,,,,
#N/A,Classic Speed Blackjack 3,经典极速二十一点3,經典急速二十一點3,クラシックスピードブラックジャック3,클래식 스피드 블랙잭 3,คลาสสิกสปีดแบล็คแจ็ค 3,Blackjack Cổ điển Tốc độ 3,,,,,,,,,,,,,,,,,,
#N/A,Classic Speed Blackjack 31,经典极速二十一点31,經典急速二十一點31,クラシックスピードブラックジャック31,클래식 스피드 블랙잭 31,คลาสสิกสปีดแบล็คแจ็ค 31,Blackjack Cổ điển Tốc độ 31,,,,,,,,,,,,,,,,,,
#N/A,Classic Speed Blackjack 32,经典极速二十一点32,經典急速二十一點32,クラシックスピードブラックジャック32,클래식 스피드 블랙잭 32,คลาสสิกสปีดแบล็คแจ็ค 32,Blackjack Cổ điển Tốc độ 32,,,,,,,,,,,,,,,,,,
#N/A,Classic Speed Blackjack 33,经典极速二十一点33,經典急速二十一點33,クラシックスピードブラックジャック33,클래식 스피드 블랙잭 33,คลาสสิกสปีดแบล็คแจ็ค 33,Blackjack Cổ điển Tốc độ 33,,,,,,,,,,,,,,,,,,
#N/A,Classic Speed Blackjack 34,经典极速二十一点34,經典急速二十一點34,クラシックスピードブラックジャック34,클래식 스피드 블랙잭 34,คลาสสิกสปีดแบล็คแจ็ค 34,Blackjack Cổ điển Tốc độ 34,,,,,,,,,,,,,,,,,,
#N/A,Classic Speed Blackjack 35,经典极速二十一点35,經典急速二十一點35,クラシックスピードブラックジャック35,클래식 스피드 블랙잭 35,คลาสสิกสปีดแบล็คแจ็ค 35,Blackjack Cổ điển Tốc độ 35,,,,,,,,,,,,,,,,,,
#N/A,Classic Speed Blackjack 36,经典极速二十一点36,經典急速二十一點36,クラシックスピードブラックジャック36,클래식 스피드 블랙잭 36,คลาสสิกสปีดแบล็คแจ็ค 36,Blackjack Cổ điển Tốc độ 36,,,,,,,,,,,,,,,,,,
#N/A,Classic Speed Blackjack 37,经典极速二十一点37,經典急速二十一點37,クラシックスピードブラックジャック37,클래식 스피드 블랙잭 37,คลาสสิกสปีดแบล็คแจ็ค 37,Blackjack Cổ điển Tốc độ 37,,,,,,,,,,,,,,,,,,
#N/A,Classic Speed Blackjack 38,经典极速二十一点38,經典急速二十一點38,クラシックスピードブラックジャック38,클래식 스피드 블랙잭 38,คลาสสิกสปีดแบล็คแจ็ค 38,Blackjack Cổ điển Tốc độ 38,,,,,,,,,,,,,,,,,,
#N/A,Classic Speed Blackjack 39,经典极速二十一点39,經典急速二十一點39,クラシックスピードブラックジャック39,클래식 스피드 블랙잭 39,คลาสสิกสปีดแบล็คแจ็ค 39,Blackjack Cổ điển Tốc độ 39,,,,,,,,,,,,,,,,,,
#N/A,Classic Speed Blackjack 4,经典极速二十一点4,經典急速二十一點4,クラシックスピードブラックジャック4,클래식 스피드 블랙잭 4,คลาสสิกสปีดแบล็คแจ็ค 4,Blackjack Cổ điển Tốc độ 4,,,,,,,,,,,,,,,,,,
#N/A,Classic Speed Blackjack 40,经典极速二十一点40,經典急速二十一點40,クラシックスピードブラックジャック40,클래식 스피드 블랙잭 40,คลาสสิกสปีดแบล็คแจ็ค 40,Blackjack Cổ điển Tốc độ 40,,,,,,,,,,,,,,,,,,
#N/A,Classic Speed Blackjack 41,经典极速二十一点41,經典急速二十一點41,クラシックスピードブラックジャック41,클래식 스피드 블랙잭 41,คลาสสิกสปีดแบล็คแจ็ค 41,Blackjack Cổ điển Tốc độ 41,,,,,,,,,,,,,,,,,,
#N/A,Classic Speed Blackjack 42,经典极速二十一点42,經典急速二十一點42,クラシックスピードブラックジャック42,클래식 스피드 블랙잭 42,คลาสสิกสปีดแบล็คแจ็ค 42,Blackjack Cổ điển Tốc độ 42,,,,,,,,,,,,,,,,,,
#N/A,Classic Speed Blackjack 43,经典极速二十一点43,經典急速二十一點43,クラシックスピードブラックジャック43,클래식 스피드 블랙잭 43,คลาสสิกสปีดแบล็คแจ็ค 43,Blackjack Cổ điển Tốc độ 43,,,,,,,,,,,,,,,,,,
#N/A,Classic Speed Blackjack 44,经典极速二十一点44,經典急速二十一點44,クラシックスピードブラックジャック44,클래식 스피드 블랙잭 44,คลาสสิกสปีดแบล็คแจ็ค 44,Blackjack Cổ điển Tốc độ 44,,,,,,,,,,,,,,,,,,
#N/A,Classic Speed Blackjack 45,经典极速二十一点45,經典急速二十一點45,クラシックスピードブラックジャック45,클래식 스피드 블랙잭 45,คลาสสิกสปีดแบล็คแจ็ค 45,Blackjack Cổ điển Tốc độ 45,,,,,,,,,,,,,,,,,,
#N/A,Classic Speed Blackjack 46,经典极速二十一点46,經典急速二十一點46,クラシックスピードブラックジャック46,클래식 스피드 블랙잭 46,คลาสสิกสปีดแบล็คแจ็ค 46,Blackjack Cổ điển Tốc độ 46,,,,,,,,,,,,,,,,,,
#N/A,Classic Speed Blackjack 5,经典极速二十一点5,經典急速二十一點5,クラシックスピードブラックジャック5,클래식 스피드 블랙잭 5,คลาสสิกสปีดแบล็คแจ็ค 5,Blackjack Cổ điển Tốc độ 5,,,,,,,,,,,,,,,,,,
#N/A,Classic Speed Blackjack 51,经典极速二十一点51,經典急速二十一點51,クラシックスピードブラックジャック51,클래식 스피드 블랙잭 51,คลาสสิกสปีดแบล็คแจ็ค 51,Blackjack Cổ điển Tốc độ 51,,,,,,,,,,,,,,,,,,
#N/A,Classic Speed Blackjack 52,经典极速二十一点52,經典急速二十一點52,クラシックスピードブラックジャック52,클래식 스피드 블랙잭 52,คลาสสิกสปีดแบล็คแจ็ค 52,Blackjack Cổ điển Tốc độ 52,,,,,,,,,,,,,,,,,,
#N/A,Classic Speed Blackjack 53,经典极速二十一点53,經典急速二十一點53,クラシックスピードブラックジャック53,클래식 스피드 블랙잭 53,คลาสสิกสปีดแบล็คแจ็ค 53,Blackjack Cổ điển Tốc độ 53,,,,,,,,,,,,,,,,,,
#N/A,Classic Speed Blackjack 9 ,经典极速二十一点9,經典急速二十一點9,クラシックスピードブラックジャック9,클래식 스피드 블랙잭 9,คลาสสิกสปีดแบล็คแจ็ค 9,Blackjack Cổ điển Tốc độ 9,,,,,,,,,,,,,,,,,,
#N/A,Club Royale Blackjack 1,,,,,,,,,,,,,,,,,,,,,,,,
#N/A,Club Royale Blackjack 2,,,,,,,,,,,,,,,,,,,,,,,,
#N/A,Club Royale Blackjack 3,,,,,,,,,,,,,,,,,,,,,,,,
#N/A,ComeOn Roulette,ComeOn 轮盘,ComeOn輪盤,カモンルーレット,컴온 룰렛,คัมออนรูเล็ต,ComeOn Roulette,,,,,,,,,,,,,,,,,,
Craps00000000001,CRAPS,花旗骰,花旗骰,クラップス,크랩스,แครบส์,Craps,क्रैप्स,Craps,Craps,,,,,,,,,,,,,,,
CrazyTime0000001,Crazy Time,疯狂时光,瘋狂時光,クレイジータイム,크레이지 타임,เครซี่ไทม์,Thời Gian Sôi Động,,,,,,,,,,,,,,,,,,
#N/A,Cresus & Bidule Blackjack,克雷苏斯和比杜勒二十一点,克雷蘇斯和比杜勒二十一點,クロイソス＆ビジュール　ブラックジャック,클래식 & 비듀 블랙잭,แบล็คแจ็คคลาสสิกและบิดูล,Cresus & Bidule Blackjack,,,,,,,,,,,,,,,,,,
#N/A,Cresus Blackjack,Cresus 二十一点,Cresus 二十一點,クロイソス ブラックジャック,Cresus 블랙잭,แบล็กแจ็ก Cresus,Cresus Blackjack,क्रीसस ब्लैकजैक,Blackjack Cresus,Blackjack Cresus,,,,,,,,,,,,,,,
#N/A,Dansk Roulette,丹⻨语轮盘,丹⿆語輪盤,デンマーク ルーレット,덴마크 룰렛,รูเล็ตต์เดนนิช,Roulette kiểu Đan Mạch,,,,,,,,,,,,,,,,,,
dealnodeal000001,Deal or No Deal,一掷千金,一擲千金,ディールする、またはディールしない,딜 또는 노딜,ดีล ออ โนดีล,Cược Hay Không Cược,,,,,,,,,,,,,,,,,,
#N/A,Dedicated Roulette,,,,,,,,,,,,,,,,,,,,,,,,
#N/A,Deluxe Blackjack 1,豪华二十一点 1,豪華二十一點1,デラックスブラックジャック1,디럭스 블랙잭 1,ดีลักซ์แบล็คแจ็ค 1,Blackjack hạng sang 1,,,,,,,,,,,,,,,,,,
#N/A,Deluxe Blackjack 10,豪华二十一点 10,豪華二十一點10,デラックスブラックジャック10,디럭스 블랙잭 10,ดีลักซ์แบล็คแจ็ค 10,Blackjack hạng sang 10,,,,,,,,,,,,,,,,,,
#N/A,Deluxe Blackjack 11,豪华二十一点 11,豪華二十一點12,デラックスブラックジャック11,디럭스 블랙잭 11,ดีลักซ์แบล็คแจ็ค 11,Blackjack hạng sang 11,,,,,,,,,,,,,,,,,,
#N/A,Deluxe Blackjack 12,豪华二十一点 12,豪華二十一點12,デラックスブラックジャック12,디럭스 블랙잭 12,ดีลักซ์แบล็คแจ็ค 12,Blackjack hạng sang 12,,,,,,,,,,,,,,,,,,
#N/A,Deluxe Blackjack 2,豪华二十一点 2,豪華二十一點2,デラックスブラックジャック2,디럭스 블랙잭 2,ดีลักซ์แบล็คแจ็ค 2,Blackjack hạng sang 2,,,,,,,,,,,,,,,,,,
#N/A,Deluxe Blackjack 3,豪华二十一点 3,豪華二十一點3,デラックスブラックジャック3,디럭스 블랙잭 3,ดีลักซ์แบล็คแจ็ค 3,Blackjack hạng sang 3,,,,,,,,,,,,,,,,,,
#N/A,Deluxe Blackjack 4,豪华二十一点 4,豪華二十一點4,デラックスブラックジャック4,디럭스 블랙잭 4,ดีลักซ์แบล็คแจ็ค 4,Blackjack hạng sang 4,,,,,,,,,,,,,,,,,,
#N/A,Deluxe Blackjack 5,豪华二十一点 5,豪華二十一點5,デラックスブラックジャック5,디럭스 블랙잭 5,ดีลักซ์แบล็คแจ็ค 5,Blackjack hạng sang 5,,,,,,,,,,,,,,,,,,
#N/A,Deluxe Blackjack 6,豪华二十一点 6,豪華二十一點6,デラックスブラックジャック6,디럭스 블랙잭 6,ดีลักซ์แบล็คแจ็ค 6,Blackjack hạng sang 6,,,,,,,,,,,,,,,,,,
#N/A,Deluxe Blackjack 7,豪华二十一点 7,豪華二十一點7,デラックスブラックジャック7,디럭스 블랙잭 7,ดีลักซ์แบล็คแจ็ค 7,Blackjack hạng sang 7,,,,,,,,,,,,,,,,,,
#N/A,Deluxe Blackjack 8,豪华二十一点 8,豪華二十一點8,デラックスブラックジャック8,디럭스 블랙잭 8,ดีลักซ์แบล็คแจ็ค 8,Blackjack hạng sang 8,,,,,,,,,,,,,,,,,,
#N/A,Deluxe Blackjack 9,豪华二十一点 9,豪華二十一點9,デラックスブラックジャック9,디럭스 블랙잭 9,ดีลักซ์แบล็คแจ็ค 9,Blackjack hạng sang 9,,,,,,,,,,,,,,,,,,
#N/A,Deutsches Roulette,德语轮盘,德語輪盤,ドイツ ルーレット,독일 룰렛,รูเล็ตต์เยอรมัน,Roulette kiểu Đức,,,,,,,,,,,,,,,,,,
DoubleBallRou001,Double Ball Roulette,双球轮盘,雙球輪盤,ダブルボールルーレット,더블 볼 룰렛,อินสแตนรูเล็ต,Roulette 2 Trái Bóng,डबल बॉल रूलेट,Rolet Bola Ganda,Rolet Double Ball,,,,,,,,,,,,,,,
#N/A,DraftKings Blackjack 1,DraftKings 二十一点 1,DraftKings 二⼗一點 1,DraftKings ブラックジャック 1,드래프트킹스 블랙잭 1,ดราฟคิงแบล็คแจ็ค 1,DraftKings Blackjack 1,,,,,,,,,,,,,,,,,,
#N/A,DraftKings Blackjack 2,DraftKings 二十一点 2,DraftKings 二⼗一點 2,DraftKings ブラックジャック 2,드래프트킹스 블랙잭 2,ดราฟคิงแบล็คแจ็ค 2,DraftKings Blackjack 2,,,,,,,,,,,,,,,,,,
#N/A,DraftKings Blackjack 3,DraftKings 二十一点 3,DraftKings 二⼗一點 3,DraftKings ブラックジャック 3,드래프트킹스 블랙잭 3,ดราฟคิงแบล็คแจ็ค 3,DraftKings Blackjack 3,,,,,,,,,,,,,,,,,,
#N/A,DraftKings Blackjack 4,DraftKings 二十一点 4,DraftKings 二⼗一點 4,DraftKings ブラックジャック 4,드래프트킹스 블랙잭 4,ดราฟคิงแบล็คแจ็ค 4,DraftKings Blackjack 4,,,,,,,,,,,,,,,,,,
#N/A,DraftKings High Roller Blackjack,DraftKings豪客二十一点,DraftKings豪客二⼗一點,ドラフトキング　ハイローラーブラックジャック,드래프트킹스 하이 롤러 블랙잭,ดราฟต์คิงไฮโรลเลอร์แบล็คแจ็ค,DraftKings Blackjack Đại Gia,,,,,,,,,,,,,,,,,,
#N/A,DraftKings Speed Baccarat,DraftKings 极速百家乐,DraftKings 急速百家樂,DraftKings スピードバカラ,드래프트킹스 스피드 바카라,ดราฟคิงสปีดบาคาร่า,DraftKings Baccarat Tốc Độ,,,,,,,,,,,,,,,,,,
#N/A,DraftKings The Crown Suite 2,DraftKings The Crown Suite 2,DraftKings The Crown Suite 2,ドラフトキング　クラウンスイート２,드래프트킹스 더 크라운 스위트 2,ดราฟต์คิง เดอะคราวน์สวีท 2,DraftKings The Crown Suite 2,,,,,,,,,,,,,,,,,,
DragonTiger00001,Dragon Tiger,⻰⻁⽃,⿓⻁,ドラゴンタイガー,용 호,มังกรเสือ,Long Hổ,ड्रैगन टाइगर,Naga Macan,Naga Harimau,,,,,,,,,,,,,,,
#N/A,Dragonara Roulette,,,,,,,,,,,,,,,,,,,,,,,,
#N/A,Dream Catcher,捕梦转盘,捕夢轉盤,ドリームキャッチャー,드림 캣처,ดรีมแคตเชอร์,Kẻ Săn Giấc Mơ,ड्रीम कैचर,,,,,,,,,,,,,,,,,
#N/A,DUAL PLAY ROULETTE,实体赌场轮盘,實體賭場輪盤,,,,,,,,,,,,,,,,,,,,,,
#N/A,Emperor Dragon Tiger,巨富中文龙虎,巨富中文龍虎,エンペラードラゴンタイガー,엠퍼러 드래곤 타이거,พยัคฆ์มังกรจักรพรรดิ,Emperor Long Hổ,एम्परर ड्रैगन टाइगर,Naga Macan Emperor,Emperor Dragon Tiger,,,,,,,,,,,,,,,
#N/A,Emperor Roulette,巨富中文轮盘,巨富中文輪盤,エンペラールーレット,엠퍼러 룰렛,รูเล็ตต์จักรพรรดิ,Roulette Hoàng Đế,एम्परर रूलेट,Rolet Emperor,Roulette Emperor,,,,,,,,,,,,,,,
#N/A,Emperor Speed Baccarat,巨富中文百家乐,巨富中文百家樂,エンペラー スピードバカラ,엠퍼러 스피드 바카라,สปีดบาคาร่าจักรพรรดิ,Emperor Baccarat Nhanh,एम्परर स्पीड बैकेरा,Baccarat Kilat Emperor,Baccarat Emperor Speed,,,,,,,,,,,,,,,
#N/A,Emperor Speed Baccarat A,巨富中文百家乐A,巨富中文百家樂A,エンペラー スピードバカラA,엠퍼러 스피드 바카라 A,สปีดบาคาร่าจักรพรรดิ A,Emperor Baccarat Nhanh A,एम्परर स्पीड बैकेरा ए,Baccarat Kilat Emperor A,Baccarat Emperor Speed A,,,,,,,,,,,,,,,
#N/A,EUROPEAN AND FRENCH ROULETTE,欧式法式轮盘,歐式法式輪盤,,,,,,,,,,,,,,,,,,,,,,
#N/A,Exclusive BJ4,独占二十一点 4,獨佔二十一點 4,限定ブラックジャック 4,익스클루시브 BJ4,เอ็กซ์คลูซีฟ BJ4,BJ4 Độc Quyền,,,,,,,,,,,,,,,,,,
#N/A,Exclusive Prive BJ,独占私人二十一点,獨佔私人二十一點,サロン プリヴェ ブラックジャック,익스클루지브 프라이브 블랙잭,เอ็กซ์คลูซีฟไพรว์แบล็คแจ็ค,Prive Blackjack độc quyền,,,,,,,,,,,,,,,,,,
#N/A,Exclusive Superbet Football Studio,Superbet独占足球扑克,Superbet獨佔足球廳,エクスクルーシブ スーパーベット フットボールスタジオ,익스클루지브 슈퍼벳 축구 스튜디오,เอ็กซ์คลูซีฟซูเปอร์เบ็ตสตูดิโอฟุตบอล,Siêu cược Studio Bóng Đá Độc quyền,एक्सक्लूसिव सुपरबेट फुटबॉल स्टूडियो,Football Studio Superbet Eksklusif,Studio Bola Sepak Superbet Eksklusif,,,,,,,,,,,,,,,
#N/A,Extreme Texas Hold'em,终极德州扑克,終極德州撲克,エクストリームテキサスホールデム,익스트림 텍사스 홀덤,เอ็กซ์ตรีมเท็กซัสโฮลด์เอ็ม,Texas Hold'em Cực Đỉnh,एक्सट्रीम टेक्सास होल्डम,Texas Hold'em Ekstrim,Extreme Texas Hold'em,,,,,,,,,,,,,,,
FanTan0000000001,Fan Tan,番摊,番攤,ファンタン,판 탄,กำถั่ว,Fan Tan,फैन टैन,,,,,,,,,,,,,,,,,
#N/A,Fanduel Blackjack 1,Fanduel 二十一点 1,Fanduel 二十一點1,Fanduel ブラックジャック 1,Fanduel 블랙잭 1,แฟนดูเอิลแบล็คแจ็ค 1,Blackjack Fanduel 1,,,,,,,,,,,,,,,,,,
rng-rt-american0,First Person American Roulette,单机版美式轮盘,單機版美式輪盤,ファーストパーソンアメリカンルーレット,1인칭 아메리칸 룰렛,เกมรูเล็ตอเมริกันมุมมองบุคคลที่หนึ่ง,Roulette kiểu Mỹ Người chơi Đầu tiên,,,,,,,,,,,,,,,,,,
#N/A,First Person Baccarat,单机版百家乐,單機版百家樂,ファーストパーソンバカラ,일인칭 바카라,บาคาร่ามุมมองบุคคลที่หนึ่ง,Baccarat Người Đầu tiên,,,,,,,,,,,,,,,,,,
#N/A,First Person Bingo,First Person Bingo,First Person Bingo,First Person Bingo,First Person Bingo,First Person Bingo,First Person Bingo,,,,,,,,,,,,,,,,,,
#N/A,First Person Blackjack,单机版二十一点,單機版二十一點,ファーストパーソンブラックジャック,일인칭 블랙잭,แบล็คแจ็คมุมมองบุคคลที่หนึ่ง,Blackjack Người chơi đầu tiên,,,,,,,,,,,,,,,,,,
#N/A,First Person Blackjack,单机版二十一点,單機版二十一點,ファーストパーソンブラックジャック,일인칭 블랙잭,แบล็คแจ็คมุมมองบุคคลที่หนึ่ง,Blackjack Người chơi đầu tiên,,,,,,,,,,,,,,,,,,
RngCraps00000001,First Person Craps,单机版花旗骰,單機版花旗骰,ファーストパーソンクラップス,일인칭 크랩스,แครบส์มุมมองบุคคลที่หนึ่ง,Craps Góc Nhìn Thứ Nhất,,,,,,,,,,,,,,,,,,
RngCraps00000001,First Person Craps,单机版花旗骰,單機版花旗骰,ファーストパーソンクラップス,1인칭 크랩스일인칭 크랩스,แครบส์มุมมองบุคคลที่หนึ่ง,Craps Góc Nhìn Thứ Nhất,,,,,,,,,,,,,,,,,,
#N/A,First Person Dragon Tiger,单机版龙虎斗,單機版龍虎,ファーストパーソンドラゴンタイガー,일인칭 드래곤 타이거,มังกรพยัคฆ์มุมมองบุคคลที่หนึ่ง,Long Hổ Góc Nhìn Thứ Nhất,फर्स्ट पर्सन ड्रैगन टाइगर,Naga Macan Orang Pertama,First Person Dragon Tiger,,,,,,,,,,,,,,,
#N/A,First Person Dream Catcher,单机版捕梦转盘,單機版捕夢轉盤,ファーストパーソンドリームキャッチャー,일인칭 드림 캐처,ดรีมแคตเชอร์ มุมมองบุคคลที่หนึ่ง,Kẻ Săn Giấc Mơ Người Chơi Đầu Tiên,फर्स्ट पर्सन ड्रीम कैचर,Dream Catcher Orang Pertama,Dream Catcher Orang Pertama,,,,,,,,,,,,,,,
rng-gwbaccarat00,First Person Golden Wealth Baccarat,单机版黄金财富百家乐,單機版黃金財富百家樂,ファーストパーソンゴールデンウェルスバカラ,첫 번째 사람 풍성한 골든 바카라,โกลเด้นเวลท์บาคาร่า มุมมองบุคคลที่หนึ่ง,Baccarat Lộc Vàng Góc Nhìn Thứ Nhất,फर्स्ट पर्सन गोल्डन वेल्थ बैकारेट,Golden Wealth Baccarat Orang Pertama,Baccarat Mewah Emas Orang Pertama,,,,,,,,,,,,,,,
#N/A,First Person Lightning Baccarat,单机版闪电百家乐,單機版閃電百家樂,ファーストパーソンライトニングバカラ,첫 번째 사람 라이트닝 바카라,บาคาร่าสายฟ้า มุมมองบุคคลที่หนึ่ง,Lightning Baccarat Góc Nhìn Thứ Nhất,,,,,,,,,,,,,,,,,,
#N/A,First Person Lightning Blackjack,单机版闪电二十一点,單機版閃電二十一點,,,,,फर्स्ट पर्सन लाइटनिंग ब्लैकजैक,Blackjack Halilintar Orang Pertama,,,,,,,,,,,,,,,,
#N/A,First Person Lightning Roulette,单机版闪电轮盘,單機版閃電輪盤,ファーストパーソンライトニングルーレット,첫 번째 사람라이트닝 룰렛,เฟิร์สเพอร์ซันไลท์นิ่งรูเล็ต,Roulette Nhanh Người Chơi Đầu Tiên,फर्स्ट पर्सन लाइटनिंग रूलेट,Roulette Halilintar Orang Pertama,Lightning Roulette Orang Pertama,,,,,,,,,,,,,,,
#N/A,First Person Mega Ball,单机版超级球,單機版超級球,ファーストパーソンメガボールは,일인칭 메가 볼은,เฟิร์สเพอร์ซันเมกะบอล,Siêu Bóng Mega Người Chơi Đầu Tiên,फर्स्ट पर्सन मेगा बॉल,Mega Bola Orang Pertama,Bola Mega Orang Pertama,,,,,,,,,,,,,,,
#N/A,First Person Roulette,单机版轮盘,單機版輪盤,ファーストパーソンルーレット,일인칭 룰렛,เฟิร์สเพอร์ซันรูเล็ต,Roulette Người Chơi Đầu Tiên,फर्स्ट पर्सन रूलेट,Rolet Orang Pertama,Rolet Orang Pertama,,,,,,,,,,,,,,,
#N/A,First Person Top Card,单机版足球厅,單機版足球廳,ファーストパーソン トップカード,일인칭 탑카드,การ์ดสูงสุดคนแรก,Lá bài Đỉnh cao Người chơi đầu tiên,,,,,,,,,,,,,,,,,,
#N/A,Flemish Blackjack,佛拉芒语二十一点,佛拉芒語二十一點,フランドル ブラックジャック,플라망 블랙잭,เฟลมิชแบล็คแจ็ค,Blackjack không lẻ thế,,,,,,,,,,,,,,,,,,
#N/A,Flemish Partage,佛拉芒语法式轮盘,佛拉芒語法式輪盤,フランダースパルタージュ,플라망 Partage,เฟลมิช Partage,Flemish Partage,,,,,,,,,,,,,,,,,,
#N/A,Flemish Roulette,佛拉芒语轮盘,佛拉芒語輪盤,フランドル ルーレット,플라망 블랙잭,เฟลมิชรูเล็ตต์,Flemish Roulette,,,,,,,,,,,,,,,,,,
TopCard000000001,Football studio,⾜球厅,足球廳,フットボールスタジオ,축구 스튜디오,ฟุตบอลสตูดิโอ,Studio Bóng Đá,फुटबॉल स्टूडियो,,,,,,,,,,,,,,,,,
#N/A,Free Bet Blackjack,自由赌注二十一点,免費二十一點,フリーベット ブラックジャック,프리 베팅 블랙잭,แบล็คแจ็คเดิมพันฟรี,Cược tự do Blackjack,,,,,,,,,,,,,,,,,,
wzg6kdkad1oe7m5k,French Roulette Gold,黄金法式轮盘,黃金法式輪盤,フレンチルーレットゴールド,프랑스 룰렛 금,รูเล็ตต์ฝรั่งเศสทอง,Roulette kiểu Pháp vàng,,,,,,,,,,,,,,,,,,
#N/A,Gambola Exclusive Blackjack,Gambola 独占二十一点,Gambola 獨佔二十一點,ギャンボラ専用テーブルブラックジャック,잠볼라 익스클루지브 블랙잭,เอ็กซ์คลูซีฟแบล็กแจ็ก Gambola,Gambola Blackjack Độc Quyền,गैंबोला एक्सक्लूसिव ब्लैकजैक,Blackjack Gambola Eksklusif,Gambola Exclusive Blackjack,,,,,,,,,,,,,,,
#N/A,Goldbet 21,Goldbet 21,Goldbet 21,ゴールドベット　21,Goldbet 21,Goldbet 21,Goldbet 21,,,,,,,,,,,,,,,,,,
gwbaccarat000001,Golden Wealth Baccarat,黄金财富百家乐,黃金財富百家樂,ゴールデンウェルスバカラ,풍성한 골든 바카라,โกลเด้นเวลท์บาคาร่า ม,Baccarat Lộc Vàng,,,,,,,,,,,,,,,,,,
#N/A,Gonzo's Treasure Hunt,冈佐的寻宝之旅,岡佐的尋寶之旅,ゴンゾーの宝探し,곤조의 보물 사냥,การล่าสมบัติของกอนโซ,Cuộc Săn Kho Báu Của Gonzo,,,,,,,,,,,,,,,,,,
#N/A,Gonzo's Blackjack 1,冈佐二十一点 1,岡佐二十一點 1,ゴンゾーのブラックジャック　１,곤조의 블랙잭 1,แบล็คแจ็คของกอนโซ 1,Gonzo's Blackjack 1,,,,,,,,,,,,,,,,,,
#N/A,Gonzo's Blackjack 2,冈佐二十一点 2,岡佐二十一點 2,ゴンゾーのブラックジャック　2,곤조의 블랙잭 2,แบล็คแจ็คของกอนโซ 2,Gonzo's Blackjack 2,,,,,,,,,,,,,,,,,,
#N/A,Gonzo's Blackjack 3,冈佐二十一点 3,岡佐二十一點 3,ゴンゾーのブラックジャック　3,곤조의 블랙잭 3,แบล็คแจ็คของกอนโซ 3,Gonzo's Blackjack 3,,,,,,,,,,,,,,,,,,
#N/A,Gonzo's Blackjack 4,冈佐二十一点 4,岡佐二十一點 4,ゴンゾーのブラックジャック　4,곤조의 블랙잭 4,แบล็คแจ็คของกอนโซ 4,Gonzo's Blackjack 4,,,,,,,,,,,,,,,,,,
GonzoTH000000001,Gonzo's Treasure Hunt,冈佐的寻宝之旅,岡佐的尋寶之旅,ゴンゾーの宝探し,곤조의 보물 사냥,การล่าสมบัติของกอนโซ,Cuộc Săn Kho Báu Của Gonzo,गोन्जोज ट्रे़जर हंट,Perburuan Harta Gonzo,Pencarian Harta Karun Gonzo's,,,,,,,,,,,,,,,
#N/A,Grand Casino Roulette,大赌场轮盘,大賭場輪盤,グランドカジノ ルーレット,그랜드 카지노 룰렛,แกรนด์คาสิโนรูเล็ตต์,Grand Casino Roulette,,,,,,,,,,,,,,,,,,
#N/A,Greek Lightning Roulette,希腊闪电轮盘,希臘閃電輪盤,ギリシャライトニングルーレット,그리스 라이트닝 룰렛,รูเล็ตสายฟ้ากรีก,Roulette Nhanh Hy Lạp,,,,,,,,,,,,,,,,,,
#N/A,Hard Rock Atlantic City,大西洋城印度宫殿赌场轮盘,大西洋城印度宮殿賭場輪盤,ハードロック アトランティックシティ,하드록 애틀란틱 시티,แอตแลนติกซิตี้ฮาร์ดร็อค,Sòng bài Hard Rock Thành phố Atlantic,,,,,,,,,,,,,,,,,,
#N/A,Hindi Roulette,印度语轮盘,印度語輪盤,ヒンディールーレット,힌디 룰렛,ฮินดี รูเล็ตต์,Roulette Ấn Độ,रूलेट,,,,,,,,,,,,,,,,,
#N/A,Hippodrome Grand Casino,伦敦跑马场,倫敦跑馬場,ヒッポドロム グランド カジノ,히포드롬 그랜드 카지노 룰렛,ฮิปโปโดรมแกรนด์คาสิโน,Hippodrome Grand Casino,,,,,,,,,,,,,,,,,,
#N/A,Hippodrome Casino Roulette,伦敦跑马场轮盘,倫敦跑馬場輪盤,ヒッポドローム カジノ ルーレット,히포드롬 카지노 룰렛,ฮิปโปโดรมคาสิโนรูเล็ตต์,HippodromeCasino Roulette,,,,,,,,,,,,,,,,,,
7x0b1tgh7agmf6hv,Immersive Roulette,轮盘精致版,輪盤精緻版,イマーシブ ルーレット,이머지브 룰렛,รูเล็ตต์แบบดื่มต่ำ,Roulette 3D,,,,,,,,,,,,,,,,,,
#N/A,Infinite Blackjack,⽆限⼆⼗⼀点,無限二十一點,インフィニット ブラックジャック,무한 블랙잭,แบล็คแจ็คไม่จำกัด,Blackjack Vô Cực,इन्फनिट ब्लैकजैक,Blackjack Infinit,Blackjack Infinite,,,,,,,,,,,,,,,
#N/A,Infinite Blackjack ML,无限二十一点ML,無限二十一點 ML,インフィニット ブラックジャックML,무한 블랙잭 ML,แบล็คแจ็คไม่จำกัด ML,Blackjack vô hạn ML,,,,,,,,,,,,,,,,,,
InstantRo0000001,Instant Roulette,轮盘时时开,輪盤時時開,インスタントルーレット,인스턴트 룰렛,อินสแตนรูเล็ต,Roulette Nhanh,इंस्टैंट रूलेट,Rolet Instan,Rolet Instant,,,,,,,,,,,,,,,
#N/A,Italian Elite Blackjack,意大利精英二十一点,義大利菁英二十一點,イタリアンエリートブラックジャック,이탈리안 엘리트 블랙잭,อิตาเลียนอีลิท แบล็คแจ็ค,Elite Blackjack Ý,,,,,,,,,,,,,,,,,,
#N/A,Italian Lightning Roulette,意⼤利闪电轮盘,義大利閃電輪盤,ライトニング ルーレット イタリア,라이트닝 룰렛 이탈리아,ไลท์นิ่งรูเล็ตต์อิตาเลีย,Roulette nhanh kiểu Ý,,,,,,,,,,,,,,,,,,
#N/A,Japanese Roulette,日语轮盘,日語輪盤,ジャパニーズルーレット,일본 룰렛,รูเล็ตญี่ปุ่น,Roulette Nhật Bản,,,,,,,,,,,,,,,,,,
#N/A,Japanese Speed Baccarat A,日语极速百家乐 A,日語急速百家樂 A,ジャパニーズスピードバカラ　A,재패니즈 스피드 바카라 A,สปีดบาคาร่าญี่ปุ่น A,Baccarat Nhanh Nhật Bản A,,,,,,,,,,,,,,,,,,
#N/A,Jojobet Blackjack 3,悠悠注二十一点 3,悠悠注二十一點 3,Jojobetブラックジャック3,Jojobet 블랙잭 3,โจโจเบ็ตแบล็กแจ็ก 3,Jojobet Blackjack 3,,,,,,,,,,,,,,,,,,
#N/A,Jojobet Blackjack 4,悠悠注二十一点 4,悠悠注二十一點 4,Jojobetブラックジャック4,Jojobet 블랙잭 4,โจโจเบ็ตแบล็กแจ็ก 4,Jojobet Blackjack 4,,,,,,,,,,,,,,,,,,
#N/A,Kindred BJ Exclusive VIP,Kindred独占轮盘,Kindred獨佔輪盤,キンドレッド ルーレット エクスクルーシブ,Kindred 룰렛 익스클루지브,คินเดรดรูเล็ตต์เอ็กซ์คลูซีฟ,Kindred Roulette Độc quyền,,,,,,,,,,,,,,,,,,
#N/A,Klasik Blackjack,经典二十一点,經典二十一點,クラシック ブラックジャック,클래식 블랙잭,แบล็คแจ็คคลาสสิก,Blackjack Cổ điển,,,,,,,,,,,,,,,,,,
#N/A,Klasik Blackjack 2,经典二十一点2,經典二十一點2,クラシック ブラックジャック 2,클래식 블랙잭 2,แบล็คแจ็คคลาสสิก 2,Blackjack Cổ điển 2,,,,,,,,,,,,,,,,,,
#N/A,Klasik Blackjack 3,经典二十一点3,經典二十一點3,クラシック ブラックジャック 3,클래식 블랙잭 3,แบล็คแจ็คคลาสสิก 3,Blackjack Cổ điển 3,,,,,,,,,,,,,,,,,,
#N/A,Klasik Speed Blackjack 1,经典极速二十一点1,經典急速二十一點1,クラシックスピードブラックジャック1,클래식 스피드 블랙잭 1,สปีดแบล็คแจ็คคลาสสิก 1,Blackjack Cổ Điển Tốc Độ 1,,,,,,,,,,,,,,,,,,
#N/A,Klasik Speed Blackjack 2,经典极速二十一点2,經典急速二十一點2,クラシックスピードブラックジャック2,클래식 스피드 블랙잭 2,สปีดแบล็คแจ็คคลาสสิก 2,Blackjack Cổ Điển Tốc Độ 2,,,,,,,,,,,,,,,,,,
#N/A,Korean Dealer Power Blackjack,韩国荷官倍注二十一点,韓國荷官倍注二十一點,コリアンディーラーパワーブラックジャック,코리안 딜러 파워 블랙잭,โคเรียนดีลเลอร์พาวเวอร์แบล็กแจ็ค,Power Blackjack Nhà Cái Hàn Quốc,,,,,,,,,,,,,,,,,,
#N/A,Korean Dealer Speed Blackjack,韩国荷官速赌二十一点,韓國荷官急速二十一點,韓国のディーラー スピードブラックジャック,코리안 딜러 스피드 블랙잭,โคเรียนดีลเลอร์สปีดแบล็กแจ็ก,Blackjack Nhanh Nhà Cái Hàn Quốc,,,,,,,,,,,,,,,,,,
#N/A,Korean Dealer Speed Blackjack,韩国荷官速赌二十一点,韓國荷官急速二十一點,韓国のディーラー スピードブラックジャック,코리안 딜러 스피드 블랙잭,โคเรียนดีลเลอร์สปีดแบล็กแจ็ก,Blackjack Nhanh Nhà Cái Hàn Quốc,,,,,,,,,,,,,,,,,,
#N/A,Korean Speaking Speed Baccarat,韩语极速百家乐,韓語急速百家樂,韓国語版スピードバカラ,한국어로 말하는 스피드 바카라,สปีดบาคาร่าพูดภาษาเกาหลี,Baccarat Tốc độ Nói tiếng Hàn,,,,,,,,,,,,,,,,,,
#N/A,Korean Speaking Speed Baccarat 2,韩语极速百家乐 2,韓語急速百家樂 2,韓国語版スピードバカラ 2,한국어로 말하는 스피드 바카라 2,สปีดบาคาร่าพูดภาษาเกาหลี 2,Baccarat Tốc độ Nói tiếng Hàn 2,,,,,,,,,,,,,,,,,,
#N/A,Korean Speed Baccarat A,韩语极速百家乐 A,韓語急速百家樂 A,韓国スピードバカラA,코리안 스피드 바카라 A,สปีดบาคาร่าเกาหลี A,Baccarat Nhanh Hàn Quốc A,,,,,,,,,,,,,,,,,,
#N/A,Kplay Korean Speed Baccarat,Kplay 韩语极速百家乐,Kplay 韓語急速百家樂,Kplay 韓国スピードバカラ,Kplay 코리안 스피드 바카라,เคเพลย์โคเรียนสปีดบาคาร่า,Baccarat Nhanh Hàn Quốc Kplay,,,,,,,,,,,,,,,,,,
#N/A,La Partage Francophone,法语共享轮盘,法語共享輪盤,ラパルタージュ フランコフォン,La Partage 프랑스어,La Partage Francophone,La Partage Francophone,,,,,,,,,,,,,,,,,,
#N/A,La Ruleta,轮盘,輪盤,ラ・ルレッタ,라 룰렛,ลา รูเลตาร์,La Ruleta,,,,,,,,,,,,,,,,,,
#N/A,LeoVegas Speed Blackjack,LeoVegas 极速二十一点,LeoVegas 急速二十一點,LeoVegas スピードブラックジャック,LeoVegas 스피드 블랙잭,ลีโอเวกัสสปีดแบล็คแจ็ค,LeoVegas Blackjack Tốc Độ,,,,,,,,,,,,,,,,,,
#N/A,LeoVegas Speed Blackjack 1,LeoVegas 极速二十一点 1,LeoVegas 急速二十一點 1,LeoVegas スピードブラックジャック 1,LeoVegas 스피드 블랙잭 1,ลีโอเวกัสสปีดแบล็คแจ็ค 1,LeoVegas Blackjack Tốc Độ 1,,,,,,,,,,,,,,,,,,
#N/A,LeoVegas Speed Blackjack 2,LeoVegas 极速二十一点 2,LeoVegas 急速二十一點 2,LeoVegas スピードブラックジャック 2,LeoVegas 스피드 블랙잭 2,ลีโอเวกัสสปีดแบล็คแจ็ค 2,LeoVegas Blackjack Tốc Độ 2,,,,,,,,,,,,,,,,,,
LightningBac0001,Lightning Baccarat,闪电百家乐,閃電百家樂,ライトニングバカラ,번개 바카라,บาคาร่าสายฟ้า,Baccarat Nhanh,लाइटनिंग बैकेरा,Baccarat Halilintar,Baccarat Lightning,,,,,,,,,,,,,,,
LightningDice001,Lightning Dice,闪电骰宝,閃電骰寶,ライトニングダイス,라이트닝 다이스,ไลท์นิ่งไดซ์,Xúc Xắc Nhanh,लाइटनिंग डाइस,Dadu Halilintar,Lightning Dice,,,,,,,,,,,,,,,
LightningTable01,Lightning Roulette,闪电轮盘,閃電輪盤,ライトニング ルーレット,라이트닝 룰렛,ไลท์นิ่งรูเล็ตต์,Roulette Nhanh,लाइटनिंग रूलेट,Rolet Halilintar,Rolet Lightning,,,,,,,,,,,,,,,
#N/A,Lightning Roulette Russia,俄罗斯闪电轮盘,俄羅斯閃電輪盤,ライトニングルーレットロシア,라이트닝 룰렛 러시아,รูเล็ตสายฟ้ารัสเซีย,Roulette Nhanh Nga,,,,,,,,,,,,,,,,,,
#N/A,Lightning Roulette Turkey,土耳其闪电轮盘,土耳其閃電輪盤,ライトニングルーレットターキー,라이트닝 룰렛 터키,รูเล็ตสายฟ้าตุรกี,Roulette Nhanh Thổ Nhĩ Kỳ,,,,,,,,,,,,,,,,,,
#N/A,London Roulette,伦敦轮盘,倫敦輪盤,ロンドン ルーレット,런던 룰렛,รูเล็ตต์ลอนดอน,Blackjack Luân-đôn,,,,,,,,,,,,,,,,,,
#N/A,Lotus Roulette,荷花轮盘,蓮花輪盤,ロータスルーレット,로투스 룰렛,โลตัส รูเล็ตต์,Roulette Lotus Việt Nam,लोटस रूलेट,Rolet Lotus,Roulette Lotus,,,,,,,,,,,,,,,
#N/A,Lotus Speed Baccarat A,荷花极速百家乐A,蓮花急速百家樂A,ロータススピード バカラ A,로투스 스피드 바카라 A,โลตัส สปีดบาคาร่า A,Baccarat Tốc Độ Lotus Tiếng Việt,लोटस स्पीड बैकेरा ए,Baccarat Kilat Lotus A,Baccarat Lotus Speed A,,,,,,,,,,,,,,,
#N/A,Mavibet Blackjack,Mavibet 二十一点,Mavibet二十一點,マビベット　ブラックジャック,마비벳 블랙잭,มาวิเบท แบล็คแจ็ค,Mavibet Blackjack,,,,,,,,,,,,,,,,,,
#N/A,Maxim88 Baccarat,Maxim88 百家乐,Maxim88 百家樂,マキシム88　バカラ,맥심88 바카라,แม็กซิม88 บาคาร่า,Maxim88 Baccarat,,,,,,,,,,,,,,,,,,
#N/A,Mbet Man City Blackjack 4,Mbet 曼城二十一点 4,Mbet 曼城二十一點 4,エムベットマンシティブラックジャック４,Mbet Man City 블랙잭 4,เอ็มเบ็ต แมนซิตี้ แบล็คแจ็ค 4,Mbet Man City Blackjack 4,,,,,,,,,,,,,,,,,,
MegaBall00000001,Mega Ball,超级球,超級球,メガボール,메가 볼,เมกะบอล,Siêu Bóng Mega,,,,,,,,,,,,,,,,,,
#N/A,Mini Live Roulette,迷你真人轮盘,迷你真人輪盤,ミニライブルーレット,미니 라이브 룰렛,มินิรูเล็ตแบบเล่นสด,Mini Roulette Trực tuyến,,,,,,,,,,,,,,,,,,
Monopoly00000001,Monopoly Live,实况地产大亨,實況大富翁,モノポリライブ,모노폴리 라이브,เกมเศรษฐีแบบเล่นสด,CỜ TỶ PHÚ Trực tuyến,,,,,,,,,,,,,,,,,,
#N/A,Mr Green VIP Blackjack,Mr Green 二十一点尊贵,Mr Green 二十一點VIP,ミスターグリーン　VIPブラックジャック,미스터 그린 VIP 블랙잭,มิสเตอร์กรีนวีไอพีแบล็คแจ็ค,Mr Green VIP Blackjack,,,,,,,,,,,,,,,,,,
#N/A,Napoleon Silver Legend,Napoleon 白银传说,Napoleon白銀傳說,ナポレオンシルバーレジェンド,나폴레옹 실버 레전드,นโปเลียนซิลเวอร์เลเจนด์,Napoleon Bạc Huyền Thoại,,,,,,,,,,,,,,,,,,
#N/A,Napoleon Speed RED,Napoleon 极速红,Napoleon急速紅,ナポレオンスピードレッド,나폴레옹 프랑스 레드,นโปเลียนสปีดเรด,Napoleon Speed RED,,,,,,,,,,,,,,,,,,
#N/A,NATIVE SPEAKING ROULETTES,,,,,,,,,,,,,,,,,,,,,,,,
#N/A,NJ Baccarat,NJ百家乐,NJ百家樂,NJ バカラ,NJ 바카라,เอ็นเจบาคาร่า,NJ Baccarat,,,,,,,,,,,,,,,,,,
#N/A,NJ Blackjack 1,NJ二十一点1,NJ二十一點1,NJ　ブラックジャック９,NJ 블랙잭 1,เอ็นเจแบล็คแจ็ค 1,NJ Blackjack 1,,,,,,,,,,,,,,,,,,
#N/A,NJ Blackjack 2,NJ二十一点2,NJ二十一點2,NJ　ブラックジャック９,NJ 블랙잭 2,เอ็นเจแบล็คแจ็ค 2,NJ Blackjack 2,,,,,,,,,,,,,,,,,,
#N/A,NJ Blackjack 3,NJ二十一点3,NJ二十一點3,NJ　ブラックジャック９,NJ 블랙잭 3,เอ็นเจแบล็คแจ็ค 3,NJ Blackjack 3,,,,,,,,,,,,,,,,,,
#N/A,NJ Blackjack 4,NJ二十一点4,NJ二十一點4,NJ　ブラックジャック９,NJ 블랙잭 4,เอ็นเจแบล็คแจ็ค 4,NJ Blackjack 4,,,,,,,,,,,,,,,,,,
#N/A,NJ Blackjack 5,NJ二十一点5,NJ二十一點5,NJ　ブラックジャック９,NJ 블랙잭 5,เอ็นเจแบล็คแจ็ค 5,NJ Blackjack 5,,,,,,,,,,,,,,,,,,
#N/A,NJ Blackjack 6,NJ二十一点6,NJ二十一點6,NJ　ブラックジャック９,NJ 블랙잭 6,เอ็นเจแบล็คแจ็ค 6,NJ Blackjack 6,,,,,,,,,,,,,,,,,,
#N/A,NJ Blackjack 7,NJ二十一点7,NJ二十一點7,NJ　ブラックジャック９,NJ 블랙잭 7,เอ็นเจแบล็คแจ็ค 7,NJ Blackjack 7,,,,,,,,,,,,,,,,,,
#N/A,NJ Blackjack 8,NJ二十一点8,NJ二十一點8,NJ　ブラックジャック９,NJ 블랙잭 8,เอ็นเจแบล็คแจ็ค 8,NJ Blackjack 8,,,,,,,,,,,,,,,,,,
#N/A,NJ Blackjack 9,NJ二十一点9,NJ二十一點9,NJ　ブラックジャック９,NJ 블랙잭 9,เอ็นเจแบล็คแจ็ค 9,NJ Blackjack 9,,,,,,,,,,,,,,,,,,
#N/A,NJ Dream Catcher,NJ追梦转盘,NJ追夢轉盤,NJ　ドリームキャッチャー,NJ 드림 캣처,เอ็นเจดรีมแคตเชอร์,NJ Kẻ Săn Giấc Mơ,,,,,,,,,,,,,,,,,,
#N/A,NJ Infinite Blackjack,NJ无限二十一点,NJ無限二十一點,NJ 無限ブラックジャック,NJ 인피니트 블랙잭,เอ็นเจแบล็คแจ็คไม่จำกัด,NJ Blackjack Vô Hạn,,,,,,,,,,,,,,,,,,
#N/A,NJ Roulette,NJ轮盘,NJ輪盤,NJ ルーレット,NJ 룰렛,เอ็นเจรูเล็ตต์,NJ Roulette,,,,,,,,,,,,,,,,,,
#N/A,NJ Side Bet City,NJ边注城市,NJ邊注城市,NJ サイドベットシティ,NJ 사이드 베팅 시티,เอ็นเจไซด์เบ็ตซิตี้,NJ Side Bet City,,,,,,,,,,,,,,,,,,
#N/A,NJ Slingshot Roulette,NJ弹弓轮盘,NJ彈弓輪盤,NJ　スリングショットルーレット,NJ 슬링샷 룰렛,เอ็นเจสลิงช็อตรูเล็ตต์,NJ Slingshot Roulette,,,,,,,,,,,,,,,,,,
#N/A,NJ Speed Baccarat,新泽西极速百家乐,新澤西急速百家樂,ニュージャージースピードバカラ,NJ 스피드 바카라,เอ็นเจสปีดบาคาร่า,Baccarat Tốc Độ NJ,,,,,,,,,,,,,,,,,,
#N/A,No Comm Speed Baccarat A,免水极速百家乐A,免水急速百家樂A,手数料なしスピードバカラ A,노 커미션 스피드 바카라 A,สปีดบาคาร่าเอแบบไม่มีค่าคอ มมิชชั่น,Baccarat Tốc Độ Không Hoa Hồng A,नो कमीशन स्पीड बैकेरा ए,Baccarat Kilat No Comm A,Baccarat No Comm Speed A,,,,,,,,,,,,,,,
#N/A,No Comm Speed Baccarat B,免水极速百家乐B,免水急速百家樂B,手数料なしスピードバカラ B,노 커미션 스피드 바카라 B,สปีดบาคาร่าบีแบบไม่มีค่าคอ มมิชชั่น,Baccarat Tốc Độộ Không Hoa Hồng B,नो कमीशन स्पीड बैकेरा बी,Baccarat Kilat No Comm B,Baccarat No Comm Speed B,,,,,,,,,,,,,,,
NoCommBac0000001,No Commission Baccarat,免水百家乐,免佣百家乐,手数料なしバカラ,노 커미션 바카라,บาคาร่าแบบไม่มีค่าคอมมิชชั่น,Baccarat Không Hoa Hồng,,,,,,,,,,,,,,,,,,
ndgv76kehfuaaeec,No Commission Speed Baccarat A,无佣金极速百家乐A,無佣金急速百家樂A,手数料なしスピードバカラ A,노 커미션 스피드 바카라 A,สปีดบาคาร่าแบบไม่มีค่าคอมมิชชั่นเอ,Baccarat Tốc Độ Không Hoa Hồng A,,,,,,,,,,,,,,,,,,
ocye5hmxbsoyrcii,No Commission Speed Baccarat B,无佣金极速百家乐B,無佣金急速百家樂B,手数料なしスピードバカラ B,노 커미션 스피드 바카라 B,สปีดบาคาร่าแบบไม่มีค่าคอมมิชชั่นบี,Baccarat Tốc Độ Không Hoa Hồng B,,,,,,,,,,,,,,,,,,
ovu5h6b3ujb4y53w,No Commission Speed Baccarat C,无佣金极速百家乐C,無佣金急速百家樂C,手数料なしスピードバカラ C,노 커미션 스피드 바카라 C,สปีดบาคาร่าแบบไม่มีค่าคอมมิชชั่นซี,Baccarat Tốc Độ Không Hoa Hồng C,,,,,,,,,,,,,,,,,,
#N/A,Norsk Roulette,挪威语轮盘,挪威語輪盤,ノルウェールーレット,노르웨이 룰렛,รูเล็ตต์นอร์วีเจียน,Roulette kiểu Na Uy,,,,,,,,,,,,,,,,,,
#N/A,OLG Blackjack 1,,,,,,,,,,,,,,,,,,,,,,,,
#N/A,OLG Blackjack 2,,,,,,,,,,,,,,,,,,,,,,,,
#N/A,OLG Blackjack 3,,,,,,,,,,,,,,,,,,,,,,,,
#N/A,OLG Blackjack 4,,,,,,,,,,,,,,,,,,,,,,,,
#N/A,OLG Blackjack 5,,,,,,,,,,,,,,,,,,,,,,,,
#N/A,OLG Blackjack 6,,,,,,,,,,,,,,,,,,,,,,,,
#N/A,√ñzel Marsbahis Blackjack 2,Özel Marsbahis二十一点2,Özel Marsbahis二十一點2,Özel Marsbahisブラックジャック 2,Özel Marsbahis 블랙잭 2,โอเซล มาร์สบาฮิส แบล็คแจ็ค 2,Özel Marsbahis Blackjack 2,,,,,,,,,,,,,,,,,,
#N/A,Parimatch BJ VIP,Parimatch⼆⼗⼀点 VIP,Parimatch⼆⼗⼀點VIP,パリマッチ ブラックジャック VIP,Parimatch 블랙잭 VIP,ปาริแมตช์แบล็คแจ็ควีไอพี,Parimatch Blackjack VIP,,,,,,,,,,,,,,,,,,
#N/A,PariMatch Speed BJ,PariMatch极速二十一点,PariMatch急速二十一點,パリマッチ スピード ブラックジャック,PariMatch 스피드 블랙잭,ปาริแมตชสปีดแบล็คแจ็ค,PariMatch Blackjack Tốc độ,,,,,,,,,,,,,,,,,,
peekbaccarat0001,Peek Baccarat,看牌百家乐,看牌百家樂,ピークバカラ,바카라 훔쳐보기,บาคาร่าแอบดู,Baccarat Nhòm Ngó,पीक बैकारेट,Baccarat Intip,Intai Baccarat,,,,,,,,,,,,,,,
#N/A,PlayFortuna BlackJack,PlayFortuna二十一点,PlayFortuna二十一點,PlayFortuna ブラックジャック,PlayFortuna 블랙잭,เพลย์ฟอร์จูนาแบล็คแจ็ค,PlayFortuna Blackjack,,,,,,,,,,,,,,,,,,
#N/A,PlayNow Speed Blackjack,,,,,,,,,,,,,,,,,,,,,,,,
#N/A,PlayNow Speed Blackjack 1,,,,,,,,,,,,,,,,,,,,,,,,
#N/A,PlayNow Speed Blackjack 2,,,,,,,,,,,,,,,,,,,,,,,,
#N/A,PlayNow Speed Blackjack 3,,,,,,,,,,,,,,,,,,,,,,,,
#N/A,PlayNow Speed Blackjack 4,,,,,,,,,,,,,,,,,,,,,,,,
#N/A,PlayNow Speed Blackjack 5,,,,,,,,,,,,,,,,,,,,,,,,
#N/A,PlayNow Speed Blackjack 6,,,,,,,,,,,,,,,,,,,,,,,,
#N/A,PlayNow Speed Blackjack 7,,,,,,,,,,,,,,,,,,,,,,,,
#N/A,PlayNow Speed Blackjack 8,,,,,,,,,,,,,,,,,,,,,,,,
#N/A,PokerStars Dublin,PokerStars都柏林,PokerStars都柏林,PokerStars ダブリン,PokerStars 더블린,โป๊กเกอร์สตาร์ดับลิน,PokerStars Dublin,,,,,,,,,,,,,,,,,,
#N/A,Pokerstars Roulette Italiana,,,,,,,,,,,,,,,,,,,,,,,,
#N/A,Pokerstars Speed BJ,Pokerstars极速二十一点,Pokerstars急速二十一點,ポーカースターズ　スピード　ブラックジャック,Pokerstars 스피드 블랙잭,โป๊กเกอร์สตาร์สปีดแบล็คแจ็ค,Pokerstars Speed BJ,,,,,,,,,,,,,,,,,,
PowerInfiniteBJ1,Power Blackjack,倍注二十一点,倍注二十一點,パワーブラックジャック,파워 블랙잭,พาวเวอร์แบล็คแจ๊ค,Blackjack Power,पावर ब्लैकजैक,Blackjack Power,Power Blackjack,,,,,,,,,,,,,,,
#N/A,Premium Blackjack 7,Premium二十一点 7,頂級二十一點 7,プレミアム ブラックジャック 7,프리미엄 블랙잭 7,พรีเมียมแบล็คแจ็ค 7,Premium Blackjack 7,,,,,,,,,,,,,,,,,,
#N/A,Premium Blackjack 8,Premium二十一点 8,頂級二十一點 8,プレミアム ブラックジャック 8,프리미엄 블랙잭 8,พรีเมียมแบล็คแจ็ค 8,Premium Blackjack 8,,,,,,,,,,,,,,,,,,
#N/A,Punto Banco,意式百家乐,義式百家樂,プント バンコ,펀토 방코,ปุนโตบังโก,Punto Banco,,,,,,,,,,,,,,,,,,
#N/A,Resorts Atlantic City,大西洋城赌场轮盘,大西洋城賭場輪盤,リゾーツ アトランティックシティ,리조트 애틀란틱 시티,รีสอร์ตแอตแลนติกซิตี้,Resorts Thành phố Atlantic,,,,,,,,,,,,,,,,,,
#N/A,Rizk Blackjack 1,Rizk二十一点1,Rizk二十一點1,リツク ブラックジャック 1,Rizk 블랙잭 1,ริซก์แบล็คแจ็ค 1,Rizk Blackjack 1,,,,,,,,,,,,,,,,,,
vctlz20yfnmp1ylr,Roulette,轮盘,輪盤,ルーレット,룰렛,รูเล็ตต์,Roulette,रूलेट,,,,,,,,,,,,,,,,,
#N/A,Roulette Francophone,法式轮盘,法式輪盤,フレンチ ルーレット,프랑스 룰렛,รูเล็ตต์ฝรั่งเศส,Roulette Pháp,,,,,,,,,,,,,,,,,,
#N/A,Royal Blackjack,皇家二十一点,皇家二十一點,ロイヤルブラックジャック,로얄 블랙잭,รอยัลแบล็กแจ็ก,Blackjack Hoàng Gia,रॉयल ब्लैकजैक,Blackjack Royal,Blackjack Royal,,,,,,,,,,,,,,,
#N/A,Ruleta Bola R√°pida,极速轮盘,極速輪盤,スピード ルーレット,스피드 룰렛,สปีดรูเล็ตต์,Roulette Tốc Độ,,,,,,,,,,,,,,,,,,
#N/A,Ruleta Bola R√°pida French,法语极速轮盘,法語快速輪盤,スピード ルーレットフレンチ,스피드 룰렛 프랑스,สปีดรูเล็ตต์ฝรั่งเศส,Roulette Tốc Độ kiểu Pháp,,,,,,,,,,,,,,,,,,
#N/A,Ruleta En Vivo,真人轮盘,真人輪盤,ライブ ルーレット,라이브 룰렛,รูเล็ตต์แบบเล่นสด,Roulette Trực tuyến,,,,,,,,,,,,,,,,,,
#N/A,Ruleta Rel√°mpago en Vivo,闪电轮盘,閃電輪盤,ライトニング ルーレット,,ไลท์นิ่งรูเล็ตต์,Roulette nhanh,,,,,,,,,,,,,,,,,,
#N/A,Ruletka Live,真人轮盘,真人輪盤,ライブ ルーレット,라이브 룰렛,รูเล็ตต์แบบเล่นสด,Roulette Trực tuyến,,,,,,,,,,,,,,,,,,
SalPrivBac000001,Salon Priv√© Baccarat A,沙龙私人百家乐A,沙龍私人百家樂A,サロンプリヴェバカラ A,살롱 프라이브 바카라 A,ซาลอนพริวีบาคาร่าเอ,Salon Privé Baccarat A,,,,,,,,,,,,,,,,,,
#N/A,Salon Priv√© Baccarat B,沙龙私人百家乐B,沙龍私人百家樂B,サロンプリヴェバカラ B,살롱 프라이브 바카라 B,ซาลอนพริวีบาคาร่าบี,Salon Privé Baccarat B,,,,,,,,,,,,,,,,,,
#N/A,Salon Priv√© Baccarat C,沙龙私人百家乐C,沙龍私人百家樂C,サロンプリヴェバカラ C,살롱 프라이브 바카라 C,ซาลอนพริวีบาคาร่าซี,Salon Privé Baccarat C,,,,,,,,,,,,,,,,,,
#N/A,Salon Priv√© Baccarat D,沙龙私人百家乐D,沙龍私人百家樂D,サロンプリヴェバカラ D,살롱 프라이브 바카라 D,ซาลอนพริวีบาคาร่าดี,Salon Privé Baccarat D,,,,,,,,,,,,,,,,,,
#N/A,Salon Priv√© Blackjack A,沙龙私人二十一点 A,沙龍私人二十一點 A,サロンプリヴェ ブラックジャック 1,살롱 프라이브 블랙잭 1,ซาลอนพริวีแบล็คแจ็ค 1,Salon Privé Blackjack 1,,,,,,,,,,,,,,,,,,
#N/A,Salon Priv√© Blackjack B,沙龙私人二十一点 B,沙龍私人二十一點 B,サロンプリヴェ ブラックジャック 2,살롱 프라이브 블랙잭 2,ซาลอนพริวีแบล็คแจ็ค 2,Salon Privé Blackjack 2,,,,,,,,,,,,,,,,,,
#N/A,Salon Priv√© Blackjack C,沙龙私人二十一点 C,沙龍私人二十一點 C,サロンプリヴェ ブラックジャック 3,살롱 프라이브 블랙잭 3,ซาลอนพริวีแบล็คแจ็ค 3,Salon Privé Blackjack 3,,,,,,,,,,,,,,,,,,
#N/A,Salon Priv√© Blackjack D,沙龙私人二十一点 D,沙龍私人二十一點 D,サロンプリヴェ ブラックジャック D,살롱 프라이브 블랙잭 D,ซาลอนพริวีแบล็คแจ็คดี D,Salon Privé Blackjack D,,,,,,,,,,,,,,,,,,
#N/A,Salon Priv√© Blackjack E,沙龙私人二十一点 E,沙龍私人二十一點 E,サロンプリヴェ ブラックジャック E,살롱 프라이브 블랙잭 E,ซาลอนพริวีแบล็คแจ็คดี E,Salon Privé Blackjack E,,,,,,,,,,,,,,,,,,
#N/A,Salon Priv√© Blackjack F,沙龙私人二十一点 F,沙龍私人二十一點 F,サロンプリヴェ ブラックジャック F,살롱 프라이브 블랙잭 F,ซาลอนพริวีแบล็คแจ็คดี F,Salon Privé Blackjack F,,,,,,,,,,,,,,,,,,
#N/A,Salon Priv√© Roulette,沙龙私人轮盘,沙龍私人輪盤,サロンプリヴェ・ルーレット,살롱 프라이브 룰렛,ซาลอนพริวีรูเล็ตต์,Roulette Salon Privé,,,,,,,,,,,,,,,,,,
SBCTable00000001,Side Bet City,边注城市,邊注城市,サイドベットシティ,사이드 벳 시티,ไซด์เบ็ตซิตี้,Side Bet City,साइड बेट सिटी,,,,,,,,,,,,,,,,,
#N/A,Signature Blackjack 1,招牌二十一点 1,招牌二十一點1,シグネチャーブラックジャック１,시그니처 블랙잭 1,ซิกเนอเจอร์แบล็คแจ็ค 1,Signature Blackjack 1,,,,,,,,,,,,,,,,,,
#N/A,Signature Blackjack 2,招牌二十一点 2,招牌二十一點2,シグネチャーブラックジャック 2,시그니처 블랙잭 2,ซิกเนอเจอร์แบล็คแจ็ค 2,Signature Blackjack 2,,,,,,,,,,,,,,,,,,
#N/A,Signature Blackjack 3,招牌二十一点 3,招牌二十一點3,シグネチャーブラックジャック 3,시그니처 블랙잭 3,ซิกเนอเจอร์แบล็คแจ็ค 3,Signature Blackjack 3,,,,,,,,,,,,,,,,,,
#N/A,Signature Blackjack 4,招牌二十一点 4,招牌二十一點4,シグネチャーブラックジャック 4,시그니처 블랙잭 4,ซิกเนอเจอร์แบล็คแจ็ค 4,Signature Blackjack 4,,,,,,,,,,,,,,,,,,
#N/A,Signature Blackjack 5,招牌二十一点 5,招牌二十一點5,シグネチャーブラックジャック 5,시그니처 블랙잭 5,ซิกเนอเจอร์แบล็คแจ็ค 5,Signature Blackjack 5,,,,,,,,,,,,,,,,,,
#N/A,Signature Roulette,招牌轮盘,招牌輪盤,シグネチャールーレット,시그니처 룰렛,ซิกเนเจอร์รูเล็ตต์,Signature Roulette,,,,,,,,,,,,,,,,,,
#N/A,Sisal Blackjack Italia,希萨尔意大利二十一点,希薩爾義大利二十一點,シサルブラックジャックイタリア,시살 이탈리아 블랙잭,ไซซัลแบล็คแจ็คอิตาลี,Sisal Blackjack Italia,,,,,,,,,,,,,,,,,,
SpeedAutoRo00001,Speed Auto Roulette,极速⾃动轮盘,急速自動輪盤,スピード オートルーレット,스피드 자동 룰렛,สปีดรูเล็ตต์แบบอัตโนมัติ,Roulette Tốc Độ - Tự Động,स्पीड ऑटो रूलेट,Rolet Kilat Auto,Rolet Speed Auto,,,,,,,,,,,,,,,
leqhceumaq6qfoug,Speed Baccarat A,极速百家乐A,急速百家樂A,スピードバカラ A,스피드 바카라 A,สปีดบาคาร่าเอ,Baccarat Tốc Độ A,स्पीड बैकेरा ए,Baccarat Kilat A,Baccarat Speed A,,,,,,,,,,,,,,,
lv2kzclunt2qnxo5,Speed Baccarat B,极速百家乐B,急速百家樂B,スピードバカラ B,스피드 바카라 B,สปีดบาคาร่าบี,Baccarat Tốc Độ B,स्पीड बैकेरा बी,Baccarat Kilat B,Baccarat Speed B,,,,,,,,,,,,,,,
ndgvwvgthfuaad3q,Speed Baccarat C,极速百家乐C,急速百家樂C,スピードバカラ C,스피드 바카라 C,สปีดบาคาร่าซี,Baccarat Tốc Độ C,स्पीड बैकेरा सी,Baccarat Kilat C,Baccarat Speed C,,,,,,,,,,,,,,,
ndgvz5mlhfuaad6e,Speed Baccarat D,极速百家乐D,急速百家樂D,スピードバカラ D,스피드 바카라 D,สปีดบาคาร่าดี,Baccarat Tốc Độ D,स्पीड बैकेरा डी,Baccarat Kilat D,Baccarat Speed D,,,,,,,,,,,,,,,
ndgv45bghfuaaebf,Speed Baccarat E,极速百家乐E,急速百家樂E,スピードバカラ E,스피드 바카라 E,สปีดบาคาร่าอี,Baccarat Tốc Độ E,स्पीड बैकेरा ई,Baccarat Kilat E,Baccarat Speed E,,,,,,,,,,,,,,,
nmwde3fd7hvqhq43,Speed Baccarat F,极速百家乐F,急速百家樂F,スピードバカラ F,스피드 바카라 F,สปีดบาคาร่าเอฟ,Baccarat Tốc Độ F,स्पीड बैकेरा एफ,Baccarat Kilat F,Baccarat Speed F,,,,,,,,,,,,,,,
nmwdzhbg7hvqh6a7,Speed Baccarat G,极速百家乐G,急速百家樂G,スピードバカラ G,스피드 바카라 G,สปีดบาคาร่าจี,Baccarat Tốc Độ G,स्पीड बैकेरा जी,Baccarat Kilat G,Baccarat Speed G,,,,,,,,,,,,,,,
nxpj4wumgclak2lx,Speed Baccarat H,极速百家乐H,急速百家樂H,スピードバカラ H,스피드 바카라 H,สปีดบาคาร่าเอช,Baccarat Tốc Độ H,स्पीड बैकेरा एच,Baccarat Kilat H,Baccarat Speed H,,,,,,,,,,,,,,,
nxpkul2hgclallno,Speed Baccarat I,极速百家乐I,急速百家樂I,スピードバカラ I,스피드 바카라 I,สปีดบาคาร่าไอ,Baccarat Tốc Độ I,स्पीड बैकेरा आई,Baccarat Kilat I,Baccarat Speed I,,,,,,,,,,,,,,,
obj64qcnqfunjelj,Speed Baccarat J,极速百家乐J,急速百家樂J,スピードバカラJ,스피드 바카라J,สปีดบาคาร่าเจ,Baccarat Tốc Độ J,स्पीड बैकेरा जे,Baccarat Kilat J,Baccarat Speed J,,,,,,,,,,,,,,,
ocye2ju2bsoyq6vv,Speed Baccarat K,极速百家乐K,急速百家樂K,スピードバカラK,스피드 바카라K,สปีดบาคาร่าเค,Baccarat Tốc Độ K,स्पीड बैकेरा के,Baccarat Kilat K,Baccarat Speed K,,,,,,,,,,,,,,,
ovu5cwp54ccmymck,Speed Baccarat L,极速百家乐L,急速百家樂L,スピードバカラL,스피드 바카라L,สปีดบาคาร่าแอล,Baccarat Tốc Độ L,स्पीड बैकेरा एल,Baccarat Kilat L,Baccarat Speed L,,,,,,,,,,,,,,,
ovu5dsly4ccmynil,Speed Baccarat M,极速百家乐M,急速百家樂M,スピードバカラM,스피드 바카라M,สปีดบาคาร่าเอ็ม,Baccarat Tốc Độ M,स्पीड बैकेरा एम,Baccarat Kilat M,Baccarat Speed M,,,,,,,,,,,,,,,
ovu5eja74ccmyoiq,Speed Baccarat N,极速百家乐N,急速百家樂N,スピードバカラN,스피드 바카라N,สปีดบาคาร่าเอ็น,Baccarat Tốc Độ N,स्पीड बैकेरा एन,Baccarat Kilat N,Baccarat Speed N,,,,,,,,,,,,,,,
ovu5fbxm4ccmypmb,Speed Baccarat O,极速百家乐O,急速百家樂O,スピードバカラO,스피드 바카라O,สปีดบาคาร่าโอ,Baccarat Tốc Độ O,स्पीड बैकेरा ओ,Baccarat Kilat O,Baccarat Speed O,,,,,,,,,,,,,,,
ovu5fzje4ccmyqnr,Speed Baccarat P,极速百家乐P,急速百家樂P,スピードバカラP,스피드 바카라P,สปีดบาคาร่าพี,Baccarat Tốc Độ P,स्पीड बैकेरा पी,Baccarat Kilat P,Baccarat Speed P,,,,,,,,,,,,,,,
o4kyj7tgpwqqy4m4,Speed Baccarat Q,极速百家乐Q,急速百家樂Q,スピードバカラ Q,스피드 바카라 Q,สปีดบาคาร่าคิว,Baccarat Tốc Độ Q,स्पीड बैकेरा क्यू,Baccarat Kilat Q,Baccarat Speed Q,,,,,,,,,,,,,,,
o4kylkahpwqqy57w,Speed Baccarat R,极速百家乐R,急速百家樂R,スピードバカラ R,스피드 바카라,สปีดบาคาร่าอาร์,Baccarat Tốc Độ R,स्पीड बैकेरा आर,Baccarat Kilat R,Baccarat Speed R,,,,,,,,,,,,,,,
o4kymodby2fa2c7g,Speed Baccarat S,极速百家乐S,急速百家樂S,スピードバカラ S,스피드 바카라 S,สปีดบาคาร่าเอส,Baccarat Tốc Độ S,स्पीड बैकेरा एस,Baccarat Kilat S,Baccarat Speed S,,,,,,,,,,,,,,,
#N/A,Speed Blackjack 3,极速二十一点 3,急速二十一點 3,スピード ブラックジャック 3,스피드 블랙잭 3,สปีดแบล็คแจ็ค 3,Blackjack Tốc Độ 3,स्पीड ब्लैकजैक 3,Blackjack Kilat 3,Blackjack Speed 3,,,,,,,,,,,,,,,
#N/A,Speed Blackjack 4,极速二十一点 4,急速二十一點 4,スピード ブラックジャック 4,스피드 블랙잭 4,สปีดแบล็คแจ็ค 4,Blackjack Tốc Độ 4,स्पीड ब्लैकजैक 4,Blackjack Kilat 4,Blackjack Speed 4,,,,,,,,,,,,,,,
#N/A,Speed Blackjack A,极速二十一点 A,急速二十一點 A,スピードブラックジャック A,스피드 블랙잭 A,สปีดแบล็คแจ็คเอ,Blackjack Tốc Độ A,स्पीड ब्लैकजैक ए,Blackjack Kilat A,Blackjack Speed A,,,,,,,,,,,,,,,
#N/A,Speed Blackjack B,极速二十一点 B,急速二十一點 B,スピードブラックジャック B,스피드 블랙잭 B,สปีดแบล็คแจ็คบี,Blackjack Tốc Độ B,स्पीड ब्लैकजैक बी,Blackjack Kilat B,Blackjack Speed B,,,,,,,,,,,,,,,
#N/A,Speed Blackjack C,极速二十一点 C,急速二十一點 C,スピードブラックジャック C,스피드 블랙잭 C,สปีดแบล็คแจ็คซี,Blackjack Tốc Độ C,स्पीड ब्लैकजैक सी,Blackjack Kilat C,Blackjack Speed C,,,,,,,,,,,,,,,
xqyb2u7fqkexxpa0,Speed Blackjack D,极速二十一点 D,急速二十一點 D,スピードブラックジャック D,스피드 블랙잭 D,สปีดแบล็คแจ็คดี,Blackjack Tốc Độ D,स्पीड ब्लैकजैक डी,Blackjack Kilat D,Blackjack Speed D,,,,,,,,,,,,,,,
ylq4gmw8yl22u5dj,Speed Blackjack E,极速二十一点 E,急速二十一點 E,スピードブラックジャック E,스피드 블랙잭 E,สปีดแบล็คแจ็คอี,Blackjack Tốc Độ E,स्पीड ब्लैकजैक ई,Blackjack Kilat E,Blackjack Speed E,,,,,,,,,,,,,,,
1xwfnktjybsolkn6,Speed Blackjack G,极速二十一点 G,急速二十一點 G,スピードブラックジャック G,스피드 블랙잭 G,สปีดแบล็คแจ็คจี,Blackjack Tốc Độ G,स्पीड ब्लैकजैक जी,Blackjack Kilat G,Blackjack Speed G,,,,,,,,,,,,,,,
nc3u2l6y0khszjv7,Speed Blackjack H,极速二十一点 H,急速二十一點 H,スピードブラックジャック H,스피드 블랙잭 H,สปีดแบล็คแจ็คเอช,Blackjack Tốc Độ H,स्पीड ब्लैकजैक एच,Blackjack Kilat H,Blackjack Speed H,,,,,,,,,,,,,,,
xstnlyzrm345ev95,Speed Blackjack I,极速二十一点 I,急速二十一點 I,スピードブラックジャック I,스피드 블랙잭 I,สปีดแบล็คแจ็คไอ,Blackjack Tốc Độ I,स्पीड ब्लैकजैक आई,Blackjack Kilat I,Blackjack Speed I,RNG Money Wheel,RNG Money Wheel,RNG Money Wheel,RNG Money Wheel,RNG Money Wheel,RNG Money Wheel,RNG Money Wheel,RNG Money Wheel,RNG Money Wheel,RNG Money Wheel,RNG Money Wheel,RNG Money Wheel,RNG Money Wheel,RNG Money Wheel,RNG Money Wheel
i5j1cyqhrypkih23,Speed Blackjack J,极速二十一点 J,急速二十一點 J,スピードブラックジャック J,스피드 블랙잭 J,สปีดแบล็คแจ็คเจ,Blackjack Tốc Độ J,स्पीड ब्लैकजैक जे,Blackjack Kilat J,Blackjack Speed J,RNG Roulette,RNG Roulette,RNG Roulette,RNG Roulette,RNG Roulette,RNG Roulette,RNG Roulette,RNG Roulette,RNG Roulette,RNG Roulette,RNG Roulette,RNG Roulette,RNG Roulette,RNG Roulette,RNG Roulette
k4r2ejwx4eqqb6tv,Speed Blackjack K,极速二十一点 K,急速二十一點 K,スピードブラックジャック K,스피드 블랙잭 K,สปีดแบล็คแจ็คเค,Blackjack Tốc Độ K,स्पीड ब्लैकजैक के,Blackjack Kilat K,Blackjack Speed K,RNG Roulette,RNG Roulette,RNG Roulette,RNG Roulette,RNG Roulette,RNG Roulette,RNG Roulette,RNG Roulette,RNG Roulette,RNG Roulette,RNG Roulette,RNG Roulette,RNG Roulette,RNG Roulette,RNG Roulette
k4r2hyhw4eqqb6us,Speed Blackjack L,极速二十一点 L,急速二十一點 L,スピードブラックジャック L,스피드 블랙잭 L,สปีดแบล็คแจ็คแอล,Blackjack Tốc Độ L,स्पीड ब्लैकजैक एल,Blackjack Kilat L,Blackjack Speed L,RNG Roulette,RNG Roulette,RNG Roulette,RNG Roulette,RNG Roulette,RNG Roulette,RNG Roulette,RNG Roulette,RNG Roulette,RNG Roulette,RNG Roulette,RNG Roulette,RNG Roulette,RNG Roulette,RNG Roulette
k4r2kvd34eqqb6vh,Speed Blackjack M,极速二十一点 M,急速二十一點 M,スピードブラックジャック M,스피드 블랙잭 M,สปีดแบล็คแจ็คเอ็ม,Blackjack Tốc Độ M,स्पीड ब्लैकजैक एम,Blackjack Kilat M,Blackjack Speed M,RNG Roulette,RNG Roulette,RNG Roulette,RNG Roulette,RNG Roulette,RNG Roulette,RNG Roulette,RNG Roulette,RNG Roulette,RNG Roulette,RNG Roulette,RNG Roulette,RNG Roulette,RNG Roulette,RNG Roulette
lkcbrbdckjxajdol,Speed Roulette,极速轮盘,急速輪盤,スピード ルーレット,스피드 룰렛,สปีดรูเล็ตต์,Roulette Tốc Độ,स्पीड रूलेट,Rolet Kilat,Rolet Speed,First Person Bingo,First Person Bingo,First Person Bingo,First Person Bingo,First Person Bingo,First Person Bingo,First Person Bingo,First Person Bingo,First Person Bingo,First Person Bingo,First Person Bingo,First Person Bingo,First Person Bingo,First Person Bingo,First Person Bingo
SpeedBlackjack01,Speed VIP Blackjack A,极速VIP二十一点 A,急速VIP二十一點 A,スピード VIP ブラックジャック A,스피드 VIP 블랙잭 A,สปีดวีไอพีแบล็คแจ็คเอ,Blackjack Tốc Độ VIP A,स्पीड वीआईपी ब्लैकजैक ए,Blackjack Kilat VIP A,Blackjack Speed VIP A,RNG Roulette,RNG Roulette,RNG Roulette,RNG Roulette,RNG Roulette,RNG Roulette,RNG Roulette,RNG Roulette,RNG Roulette,RNG Roulette,RNG Roulette,RNG Roulette,RNG Roulette,RNG Roulette,RNG Roulette
SpeedBlackjack02,Speed VIP Blackjack B,极速VIP二十一点 B,急速VIP二十一點 B,スピード VIP ブラックジャック B,스피드 VIP 블랙잭 B,สปีดวีไอพีแบล็คแจ็คบี,Blackjack Tốc Độ VIP B,स्पीड वीआईपी ब्लैकजैक बी,Blackjack Kilat VIP B,Blackjack Speed VIP B,RNG Roulette,RNG Roulette,RNG Roulette,RNG Roulette,RNG Roulette,RNG Roulette,RNG Roulette,RNG Roulette,RNG Roulette,RNG Roulette,RNG Roulette,RNG Roulette,RNG Roulette,RNG Roulette,RNG Roulette
SpeedBlackjack03,Speed VIP Blackjack C,极速VIP二十一点 C,急速VIP二十一點 C,スピード VIP ブラックジャック C,스피드 VIP 블랙잭 C,สปีดวีไอพีแบล็คแจ็คซี,Blackjack Tốc Độ VIP C,स्पीड वीआईपी ब्लैकजैक सी,Blackjack Kilat VIP C,Blackjack Speed VIP C,,,,,,,,,,,,,,,
SpeedBlackjack04,Speed VIP Blackjack D,极速VIP二十一点 D,急速VIP二十一點 D,スピード VIP ブラックジャック D,스피드 VIP 블랙잭 D,สปีดวีไอพีแบล็คแจ็คดี,Blackjack Tốc Độ VIP D,स्पीड वीआईपी ब्लैकजैक डी,Blackjack Kilat VIP D,Blackjack Speed VIP D,RNG Roulette,RNG Roulette,RNG Roulette,RNG Roulette,RNG Roulette,RNG Roulette,RNG Roulette,RNG Roulette,RNG Roulette,RNG Roulette,RNG Roulette,RNG Roulette,RNG Roulette,RNG Roulette,RNG Roulette
#N/A,Suomalainen Ruletti,芬兰语轮盘,芬蘭語輪盤,フィンランド ルーレット,핀란드 룰렛,รูเล็ตต์ฟินนิช,Roulette kiểu Phần Lan,,,,RNG Roulette,RNG Roulette,RNG Roulette,RNG Roulette,RNG Roulette,RNG Roulette,RNG Roulette,RNG Roulette,RNG Roulette,RNG Roulette,RNG Roulette,RNG Roulette,RNG Roulette,RNG Roulette,RNG Roulette
SuperSicBo000001,Super Sic Bo,超级骰宝,超級骰寶,スーパー シック ボー,슈퍼 식 보,ซูเปอร์ซิกโบ,Siêu Sic Bo,सिक बो,,,RNG Top Card,RNG Top Card,RNG Top Card,RNG Top Card,RNG Top Card,RNG Top Card,RNG Top Card,RNG Top Card,RNG Top Card,RNG Top Card,RNG Top Card,RNG Top Card,RNG Top Card,RNG Top Card,RNG Top Card
#N/A,Svensk Roulette,瑞典语轮盘,瑞典語輪盤,スウェーデン ルーレット,스웨덴 룰렛,รูเล็ตต์สวีดิช,Roulette Thụy Điển,,,,,,,,,,,,,,,,,,
#N/A,Svenska Spel Blackjack 3,Svenska Spel 二十一点 3,Svenska Spel 二十一點3,Svenska Spel ブラックジャック 3,Svenska Spel 블랙잭 3,สเวนสคาสเปลแบล็คแจ็ค 3,Svenska Spel Blackjack 3,,,,,,,,,,,,,,,,,,
#N/A,Svenska Spel Event Blackjack,Svenska Spel Event 二十一点,Svenska Spel Event二十一點,スウェーデン　スペルイベント　ブラックジャック,Svenska Spel 이벤트 블랙잭,สเวนสคาสเปลอีเวนต์แบล็คแจ็ค,Blackjack Sự Kiện Svenska Spel,,,,,,,,,,,,,,,,,,
THBTable00000001,Texas Hold'em Bonus Poker,德州奖⾦扑克,德州獎⾦撲克,テキサス ホールドゼム ボーナス ポーカー,텍사스 홀덤의 보너스 포커,เท็กซัสโฮลด์เอ็มโบนัสโป๊กเกอร์,Thưởng Hold'em Bonus Poker,,,,,,,,,,,,,,,,,,
#N/A,Thai Speed Baccarat A,泰语极速百家乐 A,泰語急速百家樂 A,タイ　スピードバカラ　A,타이 스피드 바카라 A,สปีดบาคาร่าไทย A,Baccarat Nhanh Thái A,,,,,,,,,,,,,,,,,,
#N/A,Three Card Poker,三张扑克,三張撲克,スリーカードポーカー,3카드 포커,โป๊กเกอร์ไพ่สามใบ,Poker Bộ 3 Lá,थ्री कार्ड पोकर,,,,,,,,,,,,,,,,,
#N/A,Tortuga Blackjack Deux,托尔蒂岛二十一点 Deux,托爾蒂島二十一點 Deux,トルトゥーガ　ブラックジャック 2,Tortuga 블랙잭 2,แบล็คแจ็คทอร์ทูกา Deux,Tortuga Blackjack Deux,टॉर्टूगा ब्लैकजैक डू,Blackjack Tortuga Deux,Blackjack Tortuga Deux,,,,,,,,,,,,,,,
#N/A,Treasure Hunt Roulette,寻宝之旅轮盘,尋寶之旅輪盤,トレジャーハント　ルーレット,보물 사냥 룰렛,รูเล็ตเกมล่าสมบัติ,Roulette Săn Kho Báu,,,,,,,,,,,,,,,,,,
#N/A,Triple Card Poker,三重卡扑克,三重卡撲克,トリプルカードポーカー,트리플 카드 포커,โป๊กเกอร์ไพ่สามใบ,Poker Bộ 3 Lá,ट्रिपल कार्ड पोकर,Poker Kartu Tripel,Triple Card Poker,,,,,,,,,,,,,,,
#N/A,T√ºrk√ße Futbol St√ºdyosu,土耳其⾜球厅,土耳其足球廳,トルコ フットボール スタジオ,터키 축구 스튜디오,ฟุตบอลสตูดิโอตุรกี,Studio Bóng đá Thổ Nhĩ Kỳ,,,,,,,,,,,,,,,,,,
#N/A,T√ºrk√ße Rulet,土耳其语轮盘,土耳其語輪盤,トルコ ルーレット,터키 룰렛,รูเล็ตต์ตุรกี,Roulette kiểu Thổ Nhĩ Kỳ,टर्किश रूलेट,Roulette Turki,Rolet Turki,,,,,,,,,,,,,,,
#N/A,T√ºrk√ße Rulet 2,土耳其语轮盘 2,土耳其語輪盤2,トルコ ルーレット 2,터키 룰렛 2,รูเล็ตต์ตุรกี 2,Roulette kiểu Thổ Nhĩ Kỳ 2,टर्किश रूलेट 2,Roulette Turki 2,Rolet Turki 2,,,,,,,,,,,,,,,
#N/A,Ultimate Texas Hold'em,终极德州扑克,終極德州撲克,アルティメットテキサスホールデム,얼티밋 텍사스 홀덤,อัลติเมทเท็กซัสโฮลด์เอ็ม,Ultimate Texas Hold'em,,,,,,,,,,,,,,,,,,
#N/A,Unibet Roulette,Unibet 轮盘,Unibet輪盤,Unibet ルーレット,Unibet 룰렛,ยูนิเบ็ตรูเล็ตต์,Unibet Roulette,,,,,,,,,,,,,,,,,,
#N/A,Unibet Speed Blackjack,Unibet 速赌二十一点,Unibet急速二十一點,ユニベットスピードブラックジャック,유니벳 스피드 블랙잭,ยูนิเบตสปีดแบล็คแจ็ค,Blackjack Tốc Độ Unibet,,,,,,,,,,,,,,,,,,
#N/A,Venezia La Partage,法式威尼斯轮盘,法式威尼斯輪盤,ベネチアラパルタージュ,베니스 La Partage,เวเนเซีย La Partage,Venezia La Partage,,,,,,,,,,,,,,,,,,
#N/A,Venezia Roulette,威尼斯轮盘,威尼斯輪盤,ベネチア ルーレット,베니스 룰렛,เวเนเซียรูเล็ตต์,Venezia Roulette,,,,,,,,,,,,,,,,,,
#N/A,Ventuno,意大利⼆⼗⼀点,義大利二十一點,ベンチュノ,벤투노,เวนทูโน,Ventuno,,,,,,,,,,,,,,,,,,
#N/A,Ventuno X-tra,意大利二十一点加开,義大利二十一點加開,ベンチュノ エキストラ,Ventuno 엑스트라,เวนทูโนเอ็กซ์ตร้า,Ventuno Đặc biệt,,,,,,,,,,,,,,,,,,
#N/A,VIP Blackjack 1,二十一点尊贵 1,VIP二十一點1,VIP ブラックジャック 1,VIP 블랙잭 1,วีไอพีแบล็คแจ็ค 1,VIP Blackjack 1,,,,,,,,,,,,,,,,,,
#N/A,VIP Blackjack 2,二十一点尊贵 2,VIP二十一點2,VIP ブラックジャック 2,VIP 블랙잭 2,วีไอพีแบล็คแจ็ค 2,VIP Blackjack 2,,,,,,,,,,,,,,,,,,
#N/A,VIP Diamond,钻⽯VIP,鑽石VIP,VIP ダイヤモンド,VIP 다이아몬드,วีไอพี ไดมอนด์,VIP Kim Cương,वीआईपी डायमंड,Diamond VIP,VIP Diamond,,,,,,,,,,,,,,,
#N/A,VIP Gold,黄金VIP,黃金VIP,VIP ゴールド,VIP 골드,วีไอพี โกลด์,VIP Vàng,वीआईपी गोल्ड,Gold VIP,VIP Gold,,,,,,,,,,,,,,,
wzg6kdkad1oe7m5k,VIP Roulette,尊贵轮盘,VIP 輪盤,VIP ルーレット,VIP 룰렛,รูเล็ตต์วีไอพี,VIP Roulette,वीआईपी रूलेट,Rolet VIP,Rolet VIP,,,,,,,,,,,,,,,
#N/A,Virgin Bet Blackjack 2,Virgin Bet二十一点 2,Virgin免費⼆⼗⼀點2,バージン ベット ブラックジャック 2,Virgin Bet 블랙잭 2,เวอร์จิ้นเบ็ตแบล็คแจ็ค 2,Virgin Bet Blackjack 2,,,,,,,,,,,,,,,,,,
#N/A,WH Sports BJ 1,WH 体育二十一点 1,WH體育二十一點1,WHスポーツブラックジャック1,WH 스포츠 BJ 1,ดับเบิลยูเอชสปอร์ตบีเจ 1,WH Thể Thao BJ 1,डबल्यूएच स्पोर्ट्स बीजे 1,WH Sports BJ 1,WH Sports BJ 1,,,,,,,,,,,,,,,
#N/A,WH Sports BJ 2,WH 体育二十一点 2,WH體育二十一點2,WHスポーツブラックジャック2,WH 스포츠 BJ 2,ดับเบิลยูเอชสปอร์ตบีเจ 2,WH Thể Thao BJ 2,डबल्यूएच स्पोर्ट्स बीजे 2,WH Sports BJ 2,WH Sports BJ 2,,,,,,,,,,,,,,,
#N/A,WH Sports BJ 3,WH 体育二十一点 3,WH體育二十一點3,WHスポーツブラックジャック3,WH 스포츠 BJ 3,ดับเบิลยูเอชสปอร์ตบีเจ 3,WH Thể Thao BJ 3,डबल्यूएच स्पोर्ट्स बीजे 3,WH Sports BJ 3,WH Sports BJ 3,,,,,,,,,,,,,,,
#N/A,WH Sports Speed BJ 1,WH 体育极速二十一点 1,WH 體育急速二十一點 1,WHスポーツスピードブラックジャック1,WH 스포츠 스피드 BJ 1,ดับเบิลยูเอชสปอร์ต สปีดแบล็กแจ็ก 1,WH Thể Thao Tốc Độ BJ 1,डबल्यूएच स्पोर्ट्स स्पीड बीजे 1,WH Sports Speed BJ 1,WH Sports Speed BJ 1,,,,,,,,,,,,,,,
#N/A,WH Sports Speed BJ 2,WH 体育极速二十一点 2,WH 體育急速二十一點 2,WHスポーツスピードブラックジャック2,WH 스포츠 스피드 BJ 2,ดับเบิลยูเอชสปอร์ต สปีดแบล็กแจ็ก 2,WH Thể Thao Tốc Độ BJ 2,डबल्यूएच स्पोर्ट्स स्पीड बीजे 2,WH Sports Speed BJ 2,WH Sports Speed BJ 2,,,,,,,,,,,,,,,
#N/A,WH Vegas Roulette,WH 维加斯轮盘,WH 維加斯輪盤,WH ベガスルーレット,WH 베가스 룰렛,ดับเบิลยูเอช เวกัส รูเล็ตต์,WH Vegas Roulette,,,,,,,,,,,,,,,,,,
,,,,,,,,,,,,,,,,,,,,,,,,,
,Vietnamese Roulette,莲花越南语轮盘,越南語輪盤,ベトナムルーレット\,베트남어 룰렛,รูเล็ตต์ภาษาเวียตนาม,Roulette Việt Nam,वियतनामी रूलेट,Rolet Vietnam,Roulette Vietnamese,,,,,,,,,,,,,,,
,Vietnamese Speed Baccarat,莲花越南语极速百家乐,越南語急速百家樂,ベトナムスピードバカラ,베트남어 스피드 바카라,สปีดบาคาร่าภาษาเวียตนาม,Baccarat Nhanh Việt Nam,वियतनामी स्पीड बैकेरा,Baccarat Kilat Vietnam,,,,,,,,,,,,,,,,
,Emperor Roulette,,,,,,,,,,,,,,,,,,,,,,,,