blackjack,baccarat,roulette,poker,dice,game_shows,top_games,slots
LightningSbj0001,SBCTable00000001,n5emwq5c5dwepwam,TRPTable00000001,Craps00000000001,CashOrCrash00001,FanTan0000000001,nftmegaways00000
PowerInfiniteBJ1,gwbaccarat000001,TRLRou0000000001,,LightningDice001,CrazyTime0000001,,bloodsuckers2000
,BacBo00000000001,,,,MegaBall00000001,,streetfighter2f1
,peekbaccarat0001,,,,,,10001nights00000
,leqhceumaq6qfoug,,,,,,whatthefoxmegawa
,ndgv76kehfuaaeec,,,,,,777strike0000000
,SalPrivBac000001,,,,,,piratesplentymeg
,DragonTiger00001,,,,,,primateking00000
,,,,,,,trillionaire0000
,,,,,,,vaultcracker0000